-2.208233624696731567e-02,6.306877359747886658e-03,1.371710449457168579e-01
-4.232280328869819641e-02,2.945678681135177612e-02,1.230866909027099609e-01
-6.681586056947708130e-02,4.165301471948623657e-02,1.178266331553459167e-01
-8.628150075674057007e-02,5.642322078347206116e-02,1.099852919578552246e-01
-1.079892739653587341e-01,7.064713537693023682e-02,1.035795956850051880e-01
-1.286269873380661011e-01,7.564345002174377441e-02,1.084835827350616455e-01
-1.359650492668151855e-01,6.432496011257171631e-02,1.378119438886642456e-01
-1.399845182895660400e-01,5.715760961174964905e-02,1.603590846061706543e-01
-1.465124338865280151e-01,4.952157288789749146e-02,1.829283833503723145e-01
-1.522563844919204712e-01,4.226420074701309204e-02,2.034078836441040039e-01
-1.584164798259735107e-01,3.529583662748336792e-02,2.228321433067321777e-01
-1.646395474672317505e-01,2.859812974929809570e-02,2.409130632877349854e-01
-1.710268706083297729e-01,2.218261361122131348e-02,2.578885257244110107e-01
-1.775563657283782959e-01,1.603887230157852173e-02,2.737856805324554443e-01
-1.842350214719772339e-01,1.016464084386825562e-02,2.886974811553955078e-01
-1.660832315683364868e-01,-1.741870492696762085e-02,3.033295571804046631e-01
-1.740582436323165894e-01,-6.418448686599731445e-02,2.870564460754394531e-01
-1.624324619770050049e-01,-1.071876436471939087e-01,2.864197492599487305e-01
-1.588231772184371948e-01,-1.494813561439514160e-01,2.797850370407104492e-01
-1.527803242206573486e-01,-1.926526725292205811e-01,2.759862244129180908e-01
-1.472417861223220825e-01,-2.356400191783905029e-01,2.714003622531890869e-01
-1.413602828979492188e-01,-2.786555588245391846e-01,2.676405012607574463e-01
-1.355586796998977661e-01,-3.217610120773315430e-01,2.638766169548034668e-01
-1.295494884252548218e-01,-3.648819029331207275e-01,2.605071067810058594e-01
-1.235008016228675842e-01,-4.080407321453094482e-01,2.573176324367523193e-01
-1.331256479024887085e-01,-4.288379549980163574e-01,2.529316246509552002e-01
-1.581124216318130493e-01,-4.133215546607971191e-01,2.489716410636901855e-01
-1.902362257242202759e-01,-4.094392061233520508e-01,2.478715777397155762e-01
-2.170478105545043945e-01,-4.039160609245300293e-01,2.449386268854141235e-01
-2.455983906984329224e-01,-3.980597555637359619e-01,2.430007755756378174e-01
-2.737702429294586182e-01,-3.927026093006134033e-01,2.409709095954895020e-01
-3.018402755260467529e-01,-3.872717916965484619e-01,2.391092330217361450e-01
-3.299168348312377930e-01,-3.819638192653656006e-01,2.373824864625930786e-01
-3.579196631908416748e-01,-3.767420053482055664e-01,2.357684820890426636e-01
-3.858839571475982666e-01,-3.716015219688415527e-01,2.342698276042938232e-01
-4.191114306449890137e-01,-3.642475008964538574e-01,2.245685905218124390e-01
-4.321471750736236572e-01,-3.256645202636718750e-01,2.038645297288894653e-01
-4.610753357410430908e-01,-2.967493534088134766e-01,1.903006434440612793e-01
-4.824727773666381836e-01,-2.664557397365570068e-01,1.754879653453826904e-01
-5.061279535293579102e-01,-2.366088926792144775e-01,1.622055619955062866e-01
-5.290140509605407715e-01,-2.073540389537811279e-01,1.496949940919876099e-01
-5.518702864646911621e-01,-1.783777773380279541e-01,1.379954218864440918e-01
-5.746672153472900391e-01,-1.498227119445800781e-01,1.270896792411804199e-01
-5.973954200744628906e-01,-1.216195374727249146e-01,1.169058308005332947e-01
-6.201140880584716797e-01,-9.377261251211166382e-02,1.074134260416030884e-01
-6.226864457130432129e-01,-1.091336682438850403e-01,1.013265699148178101e-01
-6.231803297996520996e-01,-1.604927480220794678e-01,1.174583286046981812e-01
-6.134775280952453613e-01,-2.093062698841094971e-01,1.193075627088546753e-01
-6.036047935485839844e-01,-2.546868622303009033e-01,1.287999600172042847e-01
-5.965501070022583008e-01,-3.012970983982086182e-01,1.339312046766281128e-01
-5.875663757324218750e-01,-3.472816646099090576e-01,1.403131037950515747e-01
-5.793079733848571777e-01,-3.929585814476013184e-01,1.457082182168960571e-01
-5.707812905311584473e-01,-4.384046494960784912e-01,1.510081738233566284e-01
-5.623008608818054199e-01,-4.835846424102783203e-01,1.559005826711654663e-01
-5.537770986557006836e-01,-5.285236835479736328e-01,1.605470031499862671e-01
-5.801482200622558594e-01,-5.458147525787353516e-01,1.565454751253128052e-01
-5.443397760391235352e-01,-4.977517724037170410e-01,1.575711518526077271e-01
-5.474910140037536621e-01,-4.739797413349151611e-01,1.599664092063903809e-01
-5.329205393791198730e-01,-4.407613277435302734e-01,1.581813246011734009e-01
-5.264968872070312500e-01,-4.116561412811279297e-01,1.593879461288452148e-01
-5.164856314659118652e-01,-3.805552423000335693e-01,1.590121537446975708e-01
-5.083983540534973145e-01,-3.504036068916320801e-01,1.594089120626449585e-01
-4.995804131031036377e-01,-3.197596371173858643e-01,1.594415456056594849e-01
-4.913226962089538574e-01,-2.893311381340026855e-01,1.596502065658569336e-01
-4.829959273338317871e-01,-2.587746679782867432e-01,1.597762852907180786e-01
-4.547301232814788818e-01,-2.431585192680358887e-01,1.522499024868011475e-01
-4.866845011711120605e-01,-2.284538298845291138e-01,1.152998507022857666e-01
-5.027142167091369629e-01,-2.238952219486236572e-01,9.154125303030014038e-02
-5.190172791481018066e-01,-2.155841588973999023e-01,6.405091285705566406e-02
-5.359947681427001953e-01,-2.092596590518951416e-01,4.072315245866775513e-02
-5.518559813499450684e-01,-2.037427723407745361e-01,1.827082037925720215e-02
-5.674052834510803223e-01,-1.988186985254287720e-01,-2.479259856045246124e-03
-5.825766921043395996e-01,-1.946671307086944580e-01,-2.176550403237342834e-02
-5.973549485206604004e-01,-1.911651492118835449e-01,-3.969521075487136841e-02
-6.118124127388000488e-01,-1.882888972759246826e-01,-5.633422732353210449e-02
-6.365551352500915527e-01,-1.946207284927368164e-01,-5.605124682188034058e-02
-6.347483396530151367e-01,-2.189264148473739624e-01,-1.797053217887878418e-02
-6.322361826896667480e-01,-2.410999238491058350e-01,2.754905261099338531e-03
-6.295327544212341309e-01,-2.592951357364654541e-01,2.974089607596397400e-02
-6.291236281394958496e-01,-2.798555493354797363e-01,5.077291280031204224e-02
-6.269934773445129395e-01,-2.984520792961120605e-01,7.239016890525817871e-02
-6.261399984359741211e-01,-3.170667886734008789e-01,9.174699336290359497e-02
-6.250464320182800293e-01,-3.350840210914611816e-01,1.101277545094490051e-01
-6.243200302124023438e-01,-3.526518344879150391e-01,1.272249668836593628e-01
-6.237890124320983887e-01,-3.697930276393890381e-01,1.432413160800933838e-01
-6.199220418930053711e-01,-3.961968421936035156e-01,1.548968255519866943e-01
-5.835006237030029297e-01,-4.115930497646331787e-01,1.676908284425735474e-01
-5.580109953880310059e-01,-4.295611381530761719e-01,1.846095025539398193e-01
-5.294227004051208496e-01,-4.459472596645355225e-01,1.965033560991287231e-01
-5.022723674774169922e-01,-4.623467922210693359e-01,2.098862677812576294e-01
-4.749582409858703613e-01,-4.781323969364166260e-01,2.213763594627380371e-01
-4.481085836887359619e-01,-4.936399161815643311e-01,2.326712608337402344e-01
-4.214448034763336182e-01,-5.087586641311645508e-01,2.430698573589324951e-01
-3.950866162776947021e-01,-5.235837697982788086e-01,2.529524564743041992e-01
-3.689704537391662598e-01,-5.381106138229370117e-01,2.622112333774566650e-01
-3.515487611293792725e-01,-5.520548224449157715e-01,2.582673132419586182e-01
-3.115904927253723145e-01,-5.366368293762207031e-01,2.477093338966369629e-01
-2.892291843891143799e-01,-5.325168967247009277e-01,2.391159534454345703e-01
-2.590269744396209717e-01,-5.256670117378234863e-01,2.283864319324493408e-01
-2.309588789939880371e-01,-5.193467736244201660e-01,2.209486514329910278e-01
-2.022458612918853760e-01,-5.132587552070617676e-01,2.121613174676895142e-01
-1.733886301517486572e-01,-5.071598887443542480e-01,2.049247324466705322e-01
-1.444374918937683105e-01,-5.011798739433288574e-01,1.976288706064224243e-01
-1.153422370553016663e-01,-4.952380657196044922e-01,1.910227090120315552e-01
-8.614860475063323975e-02,-4.893306195735931396e-01,1.847208738327026367e-01
-5.932795256376266479e-02,-4.667229354381561279e-01,1.795501410961151123e-01
-9.646429866552352905e-02,-4.419007599353790283e-01,1.717768609523773193e-01
-1.194383054971694946e-01,-4.255841672420501709e-01,1.645482927560806274e-01
-1.428662091493606567e-01,-4.054104685783386230e-01,1.570585966110229492e-01
-1.674105077981948853e-01,-3.867261409759521484e-01,1.506432443857192993e-01
-1.911324560642242432e-01,-3.680059909820556641e-01,1.443796157836914062e-01
-2.150499522686004639e-01,-3.494832813739776611e-01,1.386235058307647705e-01
-2.388454228639602661e-01,-3.311950564384460449e-01,1.332331448793411255e-01
-2.626044154167175293e-01,-3.130917549133300781e-01,1.282076090574264526e-01
-2.863367199897766113e-01,-2.951925098896026611e-01,1.235253065824508667e-01
-3.111233413219451904e-01,-2.836781740188598633e-01,1.203735619783401489e-01
-3.053445518016815186e-01,-2.716553807258605957e-01,1.247871890664100647e-01
-3.047531247138977051e-01,-2.550442516803741455e-01,1.302259117364883423e-01
-3.052782714366912842e-01,-2.411897778511047363e-01,1.337805688381195068e-01
-3.046585023403167725e-01,-2.261532843112945557e-01,1.377727985382080078e-01
-3.048265874385833740e-01,-2.113627791404724121e-01,1.413347870111465454e-01
-3.048849105834960938e-01,-1.964927911758422852e-01,1.446650922298431396e-01
-3.051115274429321289e-01,-1.815512478351593018e-01,1.478076279163360596e-01
-3.054491877555847168e-01,-1.665893793106079102e-01,1.507259607315063477e-01
-3.058841824531555176e-01,-1.515803337097167969e-01,1.534641236066818237e-01
-3.031641542911529541e-01,-1.425952762365341187e-01,1.653366386890411377e-01
-2.611208856105804443e-01,-1.103472858667373657e-01,1.796176731586456299e-01
-2.428041249513626099e-01,-9.412523359060287476e-02,2.009419798851013184e-01
-2.086656838655471802e-01,-6.678721308708190918e-02,2.176272720098495483e-01
-1.850255578756332397e-01,-4.630776122212409973e-02,2.352313548326492310e-01
-1.549263745546340942e-01,-2.130618691444396973e-02,2.506957650184631348e-01
-1.291656643152236938e-01,9.110197424888610840e-04,2.660664916038513184e-01
-1.007635071873664856e-01,2.498726546764373779e-02,2.801309227943420410e-01
-7.417318224906921387e-02,4.790022224187850952e-02,2.937276959419250488e-01
-4.648566618561744690e-02,7.155813276767730713e-02,3.064008355140686035e-01
-1.480069383978843689e-02,7.640626281499862671e-02,3.049405515193939209e-01
2.084901370108127594e-02,1.016886085271835327e-01,2.734838128089904785e-01
4.507570341229438782e-02,1.158058121800422668e-01,2.549332678318023682e-01
7.649937272071838379e-02,1.339379549026489258e-01,2.316137701272964478e-01
1.049983873963356018e-01,1.505851298570632935e-01,2.133700549602508545e-01
1.346328407526016235e-01,1.674778163433074951e-01,1.939874738454818726e-01
1.639814227819442749e-01,1.842374503612518311e-01,1.770696491003036499e-01
1.934209465980529785e-01,2.010118961334228516e-01,1.605139523744583130e-01
2.228036671876907349e-01,2.177980244159698486e-01,1.453370451927185059e-01
2.521466314792633057e-01,2.346577346324920654e-01,1.309395432472229004e-01
2.779553234577178955e-01,2.703293263912200928e-01,1.322102695703506470e-01
2.387824058532714844e-01,2.971264719963073730e-01,1.296586096286773682e-01
2.169491797685623169e-01,3.138160705566406250e-01,1.255524158477783203e-01
1.946124881505966187e-01,3.382066786289215088e-01,1.228262931108474731e-01
1.696044951677322388e-01,3.592143952846527100e-01,1.201046407222747803e-01
1.462170034646987915e-01,3.808142244815826416e-01,1.174181327223777771e-01
1.221086829900741577e-01,4.023899734020233154e-01,1.150716468691825867e-01
9.801965951919555664e-02,4.236353635787963867e-01,1.128081455826759338e-01
7.388095557689666748e-02,4.448542594909667969e-01,1.107316091656684875e-01
4.960159212350845337e-02,4.658995568752288818e-01,1.087976247072219849e-01
3.133708238601684570e-02,4.746555685997009277e-01,9.600996971130371094e-02
3.830010443925857544e-02,4.710479974746704102e-01,8.845762908458709717e-02
4.641512408852577209e-02,4.813981056213378906e-01,8.480300754308700562e-02
4.814571887254714966e-02,4.845774173736572266e-01,7.818080484867095947e-02
5.401651561260223389e-02,4.897254705429077148e-01,7.339640706777572632e-02
5.827297270298004150e-02,4.950913190841674805e-01,6.868997216224670410e-02
6.262981146574020386e-02,4.998463690280914307e-01,6.410478055477142334e-02
6.717810779809951782e-02,5.050100684165954590e-01,6.001986190676689148e-02
7.144723087549209595e-02,5.100242495536804199e-01,5.608556047081947327e-02
7.576666772365570068e-02,5.150744318962097168e-01,5.245036631822586060e-02
9.123965352773666382e-02,5.069084167480468750e-01,5.581953004002571106e-02
1.242814809083938599e-01,4.852862358093261719e-01,8.051197975873947144e-02
1.617985516786575317e-01,4.689123630523681641e-01,1.051819622516632080e-01
1.961433440446853638e-01,4.510083794593811035e-01,1.266335099935531616e-01
2.321794480085372925e-01,4.338076412677764893e-01,1.471003592014312744e-01
2.678340971469879150e-01,4.166027307510375977e-01,1.664107292890548706e-01
3.037674427032470703e-01,3.995510935783386230e-01,1.843113601207733154e-01
3.397521078586578369e-01,3.825998902320861816e-01,2.012691944837570190e-01
3.758007884025573730e-01,3.657265603542327881e-01,2.170906662940979004e-01
4.118919074535369873e-01,3.489195108413696289e-01,2.320102155208587646e-01
4.224334657192230225e-01,3.473237156867980957e-01,2.361407876014709473e-01
4.579277634620666504e-01,3.946030139923095703e-01,2.419612556695938110e-01
4.663870334625244141e-01,4.187488853931427002e-01,2.399710416793823242e-01
4.901058673858642578e-01,4.531297087669372559e-01,2.396555393934249878e-01
5.059000253677368164e-01,4.827361702919006348e-01,2.401454299688339233e-01
5.256259441375732422e-01,5.146935582160949707e-01,2.395638674497604370e-01
5.431520938873291016e-01,5.453684329986572266e-01,2.397660315036773682e-01
5.617430806159973145e-01,5.767097473144531250e-01,2.394951730966567993e-01
5.796163082122802734e-01,6.076402068138122559e-01,2.395004481077194214e-01
5.977586507797241211e-01,6.387612223625183105e-01,2.393578290939331055e-01
6.325268745422363281e-01,6.543633937835693359e-01,2.429670095443725586e-01
6.100407242774963379e-01,6.540277004241943359e-01,2.294477224349975586e-01
6.079002022743225098e-01,6.551284790039062500e-01,2.184066623449325562e-01
5.997110009193420410e-01,6.562043428421020508e-01,2.077448666095733643e-01
5.930609107017517090e-01,6.571806669235229492e-01,1.979266703128814697e-01
5.859456658363342285e-01,6.581836938858032227e-01,1.887134015560150146e-01
5.788584351539611816e-01,6.591458320617675781e-01,1.801379770040512085e-01
5.716966390609741211e-01,6.600918769836425781e-01,1.721347421407699585e-01
5.644820332527160645e-01,6.610103845596313477e-01,1.646754741668701172e-01
5.572169423103332520e-01,6.619029045104980469e-01,1.577225327491760254e-01
5.393583774566650391e-01,6.740088462829589844e-01,1.578675955533981323e-01
5.643853545188903809e-01,7.091101408004760742e-01,1.761215478181838989e-01
5.700220465660095215e-01,7.326221466064453125e-01,1.939374059438705444e-01
5.866084098815917969e-01,7.628220319747924805e-01,2.087192535400390625e-01
5.969297289848327637e-01,7.885147929191589355e-01,2.237046808004379272e-01
6.113326549530029297e-01,8.165528774261474609e-01,2.371166944503784180e-01
6.235613822937011719e-01,8.428007364273071289e-01,2.500484883785247803e-01
6.374030709266662598e-01,8.697599768638610840e-01,2.619576752185821533e-01
6.505690813064575195e-01,8.959260582923889160e-01,2.732467055320739746e-01
6.644467115402221680e-01,9.222145080566406250e-01,2.837563455104827881e-01
6.890846490859985352e-01,9.479738473892211914e-01,3.082666695117950439e-01
6.559947729110717773e-01,9.411138296127319336e-01,3.271079063415527344e-01
6.503064036369323730e-01,9.399075508117675781e-01,3.431545495986938477e-01
6.356064081192016602e-01,9.392563104629516602e-01,3.611553013324737549e-01
6.234632730484008789e-01,9.371886849403381348e-01,3.758959472179412842e-01
6.113834381103515625e-01,9.358550310134887695e-01,3.908321857452392578e-01
5.993087291717529297e-01,9.340866208076477051e-01,4.043435454368591309e-01
5.876194834709167480e-01,9.324206113815307617e-01,4.172015488147735596e-01
5.760214328765869141e-01,9.306830167770385742e-01,4.292065799236297607e-01
5.646343827247619629e-01,9.289450049400329590e-01,4.404890835285186768e-01
5.459636449813842773e-01,9.305261373519897461e-01,4.497915506362915039e-01
5.371891856193542480e-01,9.519312381744384766e-01,4.689971804618835449e-01
5.195856094360351562e-01,9.615035653114318848e-01,4.802193343639373779e-01
5.083162188529968262e-01,9.768666028976440430e-01,4.942474365234375000e-01
4.938918948173522949e-01,9.900699257850646973e-01,5.059760808944702148e-01
4.811801910400390625e-01,1.003664731979370117e+00,5.173084139823913574e-01
4.682152271270751953e-01,1.017591238021850586e+00,5.280606150627136230e-01
4.554513394832611084e-01,1.031100630760192871e+00,5.379208326339721680e-01
4.430493712425231934e-01,1.044999003410339355e+00,5.473832488059997559e-01
4.306908249855041504e-01,1.058699369430541992e+00,5.561354160308837891e-01
4.366692602634429932e-01,1.065819025039672852e+00,5.767811536788940430e-01
3.905667960643768311e-01,1.057829976081848145e+00,5.546766519546508789e-01
3.647989034652709961e-01,1.053852677345275879e+00,5.498388409614562988e-01
3.316329419612884521e-01,1.049443244934082031e+00,5.391594171524047852e-01
3.007988035678863525e-01,1.045331716537475586e+00,5.314838886260986328e-01
2.690897881984710693e-01,1.041259050369262695e+00,5.232974290847778320e-01
2.376210242509841919e-01,1.037491083145141602e+00,5.159937143325805664e-01
2.059371769428253174e-01,1.033784747123718262e+00,5.089505910873413086e-01
1.742730438709259033e-01,1.030275106430053711e+00,5.023965835571289062e-01
1.425143331289291382e-01,1.026890397071838379e+00,4.962044358253479004e-01
9.888637810945510864e-02,1.021573066711425781e+00,4.857452511787414551e-01
8.790260553359985352e-02,1.039466738700866699e+00,5.190423727035522461e-01
6.221734732389450073e-02,1.040141463279724121e+00,5.315242409706115723e-01
4.619932919740676880e-02,1.052306175231933594e+00,5.524668693542480469e-01
2.439548820257186890e-02,1.058546423912048340e+00,5.675218105316162109e-01
6.341329310089349747e-03,1.067814350128173828e+00,5.837748646736145020e-01
-1.321786176413297653e-02,1.076405644416809082e+00,5.982385873794555664e-01
-3.184086829423904419e-02,1.085347294807434082e+00,6.120368838310241699e-01
-5.041739717125892639e-02,1.094718575477600098e+00,6.250469088554382324e-01
-6.879556179046630859e-02,1.104151129722595215e+00,6.372019052505493164e-01
-7.638975977897644043e-02,1.097443103790283203e+00,6.388875842094421387e-01
-6.531078368425369263e-02,1.079794168472290039e+00,6.240463256835937500e-01
-5.148951336741447449e-02,1.073706984519958496e+00,6.257891058921813965e-01
-4.485528916120529175e-02,1.060134887695312500e+00,6.165988445281982422e-01
-3.296867012977600098e-02,1.050205349922180176e+00,6.140251159667968750e-01
-2.434839308261871338e-02,1.038564682006835938e+00,6.085705161094665527e-01
-1.436855643987655640e-02,1.027462005615234375e+00,6.047444343566894531e-01
-5.181595217436552048e-03,1.016085505485534668e+00,6.005964279174804688e-01
4.105629399418830872e-03,1.004693388938903809e+00,5.968627929687500000e-01
1.317219808697700500e-02,9.932322502136230469e-01,5.932735204696655273e-01
2.103488892316818237e-02,9.708559513092041016e-01,5.814037919044494629e-01
4.122589528560638428e-02,9.768114089965820312e-01,5.345700383186340332e-01
4.771651700139045715e-02,9.725522994995117188e-01,5.039297938346862793e-01
6.014611199498176575e-02,9.704217314720153809e-01,4.696184396743774414e-01
7.002635300159454346e-02,9.671109914779663086e-01,4.395073354244232178e-01
8.023357391357421875e-02,9.635403752326965332e-01,4.102905094623565674e-01
8.995442837476730347e-02,9.595454931259155273e-01,3.831629157066345215e-01
9.940019249916076660e-02,9.552432298660278320e-01,3.575466871261596680e-01
1.085349470376968384e-01,9.506511688232421875e-01,3.335466682910919189e-01
1.173813045024871826e-01,9.458205699920654297e-01,3.110131919384002686e-01
1.166718527674674988e-01,9.556102752685546875e-01,3.018050789833068848e-01
1.264406144618988037e-01,9.733060598373413086e-01,3.368790745735168457e-01
1.354800462722778320e-01,9.870178699493408203e-01,3.558337390422821045e-01
1.452654898166656494e-01,1.002826809883117676e+00,3.790780603885650635e-01
1.550732851028442383e-01,1.017565011978149414e+00,3.984967470169067383e-01
1.654954403638839722e-01,1.032831430435180664e+00,4.177391231060028076e-01
1.760836392641067505e-01,1.047824978828430176e+00,4.353455603122711182e-01
1.871079057455062866e-01,1.062912344932556152e+00,4.520488083362579346e-01
1.983999609947204590e-01,1.077908635139465332e+00,4.676541090011596680e-01
2.100403904914855957e-01,1.092880249023437500e+00,4.823311865329742432e-01
2.438164949417114258e-01,1.105082750320434570e+00,5.096409916877746582e-01
1.865553557872772217e-01,1.119728803634643555e+00,4.801046550273895264e-01
1.531849652528762817e-01,1.125927209854125977e+00,4.721891582012176514e-01
1.156354844570159912e-01,1.135730028152465820e+00,4.570318460464477539e-01
7.816628366708755493e-02,1.145276188850402832e+00,4.459230601787567139e-01
4.061004891991615295e-02,1.154256701469421387e+00,4.342607855796813965e-01
3.178285434842109680e-03,1.163727641105651855e+00,4.237661957740783691e-01
-3.452863916754722595e-02,1.172995567321777344e+00,4.137783050537109375e-01
-7.219301909208297729e-02,1.182320117950439453e+00,4.044567346572875977e-01
-1.099791154265403748e-01,1.191634535789489746e+00,3.957115113735198975e-01
-1.385883539915084839e-01,1.161402940750122070e+00,3.576338589191436768e-01
-8.662414550781250000e-02,1.154633522033691406e+00,3.246476650238037109e-01
-6.204693019390106201e-02,1.140435338020324707e+00,2.952260076999664307e-01
-2.988460473716259003e-02,1.128004789352416992e+00,2.663268148899078369e-01
-6.441604346036911011e-04,1.114426612854003906e+00,2.400370240211486816e-01
2.886681631207466125e-02,1.100876212120056152e+00,2.151073068380355835e-01
5.768283456563949585e-02,1.086989045143127441e+00,1.919713616371154785e-01
8.617966622114181519e-02,1.073005557060241699e+00,1.703081429004669189e-01
1.142602115869522095e-01,1.058906078338623047e+00,1.501235365867614746e-01
1.420060843229293823e-01,1.044770002365112305e+00,1.312923282384872437e-01
1.657953262329101562e-01,1.044977664947509766e+00,1.401431858539581299e-01
1.271488964557647705e-01,1.052643299102783203e+00,1.421069204807281494e-01
1.002873554825782776e-01,1.030413150787353516e+00,1.385501474142074585e-01
8.184972405433654785e-02,1.027100801467895508e+00,1.409707516431808472e-01
5.448170751333236694e-02,1.018182039260864258e+00,1.404586136341094971e-01
3.132587298750877380e-02,1.008177280426025391e+00,1.404933035373687744e-01
7.623956538736820221e-03,1.000214695930480957e+00,1.408308446407318115e-01
-1.664690300822257996e-02,9.910079240798950195e-01,1.408244520425796509e-01
-4.028771445155143738e-02,9.819946885108947754e-01,1.409382224082946777e-01
-6.409665197134017944e-02,9.730460643768310547e-01,1.410467177629470825e-01
-9.457595646381378174e-02,9.646666646003723145e-01,1.415446847677230835e-01
-1.004742905497550964e-01,9.578524827957153320e-01,1.589020490646362305e-01
-1.125214844942092896e-01,9.517640471458435059e-01,1.695711016654968262e-01
-1.230680271983146667e-01,9.453927278518676758e-01,1.814781725406646729e-01
-1.336295902729034424e-01,9.390453696250915527e-01,1.918410509824752808e-01
-1.439174115657806396e-01,9.328681230545043945e-01,2.018736004829406738e-01
-1.541197150945663452e-01,9.266656637191772461e-01,2.111009210348129272e-01
-1.641112416982650757e-01,9.205681681632995605e-01,2.198041826486587524e-01
-1.739970594644546509e-01,9.145193696022033691e-01,2.279206961393356323e-01
-1.837417334318161011e-01,9.085417985916137695e-01,2.355295419692993164e-01
-1.983682811260223389e-01,8.935585021972656250e-01,2.302390635013580322e-01
-1.582620888948440552e-01,9.072624444961547852e-01,2.307539731264114380e-01
-1.435023546218872070e-01,9.089282751083374023e-01,2.329486459493637085e-01
-1.173624098300933838e-01,9.163036942481994629e-01,2.324849516153335571e-01
-9.659296274185180664e-02,9.208904504776000977e-01,2.337656617164611816e-01
-7.323830574750900269e-02,9.269192218780517578e-01,2.340044677257537842e-01
-5.121125653386116028e-02,9.322490692138671875e-01,2.347277402877807617e-01
-2.855126559734344482e-02,9.379667043685913086e-01,2.351494431495666504e-01
-6.252024322748184204e-03,9.435174465179443359e-01,2.356715351343154907e-01
1.619067415595054626e-02,9.491828680038452148e-01,2.360948175191879272e-01
4.560120403766632080e-02,9.531510472297668457e-01,2.410868704319000244e-01
3.736794367432594299e-02,9.580532908439636230e-01,2.199948132038116455e-01
3.701492771506309509e-02,9.582496881484985352e-01,2.098466157913208008e-01
3.633766248822212219e-02,9.603400826454162598e-01,1.962329894304275513e-01
3.497156873345375061e-02,9.623458385467529297e-01,1.856193393468856812e-01
3.339504823088645935e-02,9.637521505355834961e-01,1.744465529918670654e-01
3.199030831456184387e-02,9.655524492263793945e-01,1.646760702133178711e-01
3.014083579182624817e-02,9.670695066452026367e-01,1.551716178655624390e-01
2.832846902310848236e-02,9.686324596405029297e-01,1.464479863643646240e-01
2.629937417805194855e-02,9.701268672943115234e-01,1.382092237472534180e-01
2.149263024330139160e-02,9.661983251571655273e-01,1.218535602092742920e-01
4.419627785682678223e-02,9.828627705574035645e-01,1.063624769449234009e-01
5.214637145400047302e-02,9.937280416488647461e-01,9.335138648748397827e-02
6.482528895139694214e-02,1.005588173866271973e+00,7.970902323722839355e-02
7.594455778598785400e-02,1.017567038536071777e+00,6.797152012586593628e-02
8.686280250549316406e-02,1.029431581497192383e+00,5.651031434535980225e-02
9.753260016441345215e-02,1.041413784027099609e+00,4.605904221534729004e-02
1.078373640775680542e-01,1.053430318832397461e+00,3.622496128082275391e-02
1.178557202219963074e-01,1.065508365631103516e+00,2.710100077092647552e-02
1.275670975446701050e-01,1.077651858329772949e+00,1.859046705067157745e-02
1.412363052368164062e-01,1.093830108642578125e+00,3.028699755668640137e-02
1.571115553379058838e-01,1.090814828872680664e+00,6.415167450904846191e-02
1.840479820966720581e-01,1.095014095306396484e+00,9.480646252632141113e-02
2.057782411575317383e-01,1.095954179763793945e+00,1.241436451673507690e-01
2.311286777257919312e-01,1.098180055618286133e+00,1.505766510963439941e-01
2.556765675544738770e-01,1.099612712860107422e+00,1.760751008987426758e-01
2.815128266811370850e-01,1.101254463195800781e+00,1.994079500436782837e-01
3.075146079063415527e-01,1.102601289749145508e+00,2.215555757284164429e-01
3.341940939426422119e-01,1.103908061981201172e+00,2.421188056468963623e-01
3.612221777439117432e-01,1.105032801628112793e+00,2.614807486534118652e-01
3.887879848480224609e-01,1.107596635818481445e+00,2.755044102668762207e-01
3.857219517230987549e-01,1.143933057785034180e+00,2.565925419330596924e-01
3.734856247901916504e-01,1.162050962448120117e+00,2.474472820758819580e-01
3.707117438316345215e-01,1.186581254005432129e+00,2.355693727731704712e-01
3.628697693347930908e-01,1.209845781326293945e+00,2.263562232255935669e-01
3.563880622386932373e-01,1.232844471931457520e+00,2.166279256343841553e-01
3.493816256523132324e-01,1.256253719329833984e+00,2.081525623798370361e-01
3.420366346836090088e-01,1.279382705688476562e+00,1.999501287937164307e-01
3.345637917518615723e-01,1.302618503570556641e+00,1.924221217632293701e-01
3.267762959003448486e-01,1.325787782669067383e+00,1.853548884391784668e-01
3.307681381702423096e-01,1.334787845611572266e+00,1.782827079296112061e-01
3.114780187606811523e-01,1.327274084091186523e+00,1.513738632202148438e-01
3.055150806903839111e-01,1.323706388473510742e+00,1.353361606597900391e-01
2.936916947364807129e-01,1.320483446121215820e+00,1.162639483809471130e-01
2.829890549182891846e-01,1.316505908966064453e+00,1.002994924783706665e-01
2.717353403568267822e-01,1.312726736068725586e+00,8.439198881387710571e-02
2.602497637271881104e-01,1.308989405632019043e+00,7.003670185804367065e-02
2.483791261911392212e-01,1.305082201957702637e+00,5.633506551384925842e-02
2.363540381193161011e-01,1.301203250885009766e+00,4.367084801197052002e-02
2.240197658538818359e-01,1.297238349914550781e+00,3.176988661289215088e-02
2.134832739830017090e-01,1.286709785461425781e+00,2.062310650944709778e-02
2.477758377790451050e-01,1.274507999420166016e+00,4.405152425169944763e-02
2.750236690044403076e-01,1.262905955314636230e+00,6.100936979055404663e-02
3.040235638618469238e-01,1.251210689544677734e+00,7.706903666257858276e-02
3.334223330020904541e-01,1.239586830139160156e+00,9.230673313140869141e-02
3.632965385913848877e-01,1.228011846542358398e+00,1.063594594597816467e-01
3.936097919940948486e-01,1.216469049453735352e+00,1.195738241076469421e-01
4.243172705173492432e-01,1.204967498779296875e+00,1.318800449371337891e-01
4.553817212581634521e-01,1.193493127822875977e+00,1.434031724929809570e-01
4.867732226848602295e-01,1.182047247886657715e+00,1.541699618101119995e-01
5.126737952232360840e-01,1.183198213577270508e+00,1.716786324977874756e-01
5.253368616104125977e-01,1.175802469253540039e+00,1.940823942422866821e-01
5.464869141578674316e-01,1.172449827194213867e+00,2.125237286090850830e-01
5.639067888259887695e-01,1.166665792465209961e+00,2.309961766004562378e-01
5.841109156608581543e-01,1.161893725395202637e+00,2.476238608360290527e-01
6.035384535789489746e-01,1.156304478645324707e+00,2.635183930397033691e-01
6.240430474281311035e-01,1.150889158248901367e+00,2.782126665115356445e-01
6.445704698562622070e-01,1.145120978355407715e+00,2.920647263526916504e-01
6.656394600868225098e-01,1.139290571212768555e+00,3.049862980842590332e-01
6.869226098060607910e-01,1.133244752883911133e+00,3.171184360980987549e-01
7.106663584709167480e-01,1.130070686340332031e+00,3.402689099311828613e-01
7.139164209365844727e-01,1.114589571952819824e+00,3.651244342327117920e-01
7.272776365280151367e-01,1.098370313644409180e+00,3.844107389450073242e-01
7.394335269927978516e-01,1.085875391960144043e+00,4.077251553535461426e-01
7.502962350845336914e-01,1.069421768188476562e+00,4.249677658081054688e-01
7.636217474937438965e-01,1.055401682853698730e+00,4.443841576576232910e-01
7.754685282707214355e-01,1.039677143096923828e+00,4.606374800205230713e-01
7.886217236518859863e-01,1.024587988853454590e+00,4.769372642040252686e-01
8.013290762901306152e-01,1.008996725082397461e+00,4.917445778846740723e-01
8.144701719284057617e-01,9.934000968933105469e-01,5.058448314666748047e-01
8.311774730682373047e-01,9.700074791908264160e-01,5.130179524421691895e-01
8.499822616577148438e-01,9.533177614212036133e-01,4.981107413768768311e-01
8.671823143959045410e-01,9.409060478210449219e-01,4.973352253437042236e-01
8.810633420944213867e-01,9.213207960128784180e-01,4.858351647853851318e-01
8.996646404266357422e-01,9.079675078392028809e-01,4.833509325981140137e-01
9.136707186698913574e-01,8.905211687088012695e-01,4.751448035240173340e-01
9.306418895721435547e-01,8.755039572715759277e-01,4.710645377635955811e-01
9.455422759056091309e-01,8.593036532402038574e-01,4.650929868221282959e-01
9.613363742828369141e-01,8.437362909317016602e-01,4.605820775032043457e-01
9.764555692672729492e-01,8.279541730880737305e-01,4.557445645332336426e-01
9.743031859397888184e-01,8.270317912101745605e-01,4.478000998497009277e-01
9.934604763984680176e-01,8.497077226638793945e-01,4.613896906375885010e-01
1.000736117362976074e+00,8.644045591354370117e-01,4.668872654438018799e-01
1.014175772666931152e+00,8.821660280227661133e-01,4.732496738433837891e-01
1.024633646011352539e+00,8.979966640472412109e-01,4.793465137481689453e-01
1.037052392959594727e+00,9.146169424057006836e-01,4.848159551620483398e-01
1.048604369163513184e+00,9.304430484771728516e-01,4.901144504547119141e-01
1.060941815376281738e+00,9.464165568351745605e-01,4.949787855148315430e-01
1.073082685470581055e+00,9.619803428649902344e-01,4.995974302291870117e-01
1.085604071617126465e+00,9.774675369262695312e-01,5.038906335830688477e-01
1.134598970413208008e+00,9.699451923370361328e-01,5.427372455596923828e-01
1.081189990043640137e+00,9.180691242218017578e-01,5.045058727264404297e-01
1.083508729934692383e+00,8.670704364776611328e-01,5.048283338546752930e-01
1.065733075141906738e+00,8.247875571250915527e-01,4.896708428859710693e-01
1.052139043807983398e+00,7.784497141838073730e-01,4.817505180835723877e-01
1.037337541580200195e+00,7.329462766647338867e-01,4.709825217723846436e-01
1.023287057876586914e+00,6.884638667106628418e-01,4.626773893833160400e-01
1.008019804954528809e+00,6.436977386474609375e-01,4.536372423171997070e-01
9.933116436004638672e-01,5.993971228599548340e-01,4.456861019134521484e-01
9.780733585357666016e-01,5.553438067436218262e-01,4.378291070461273193e-01
9.595661163330078125e-01,5.108352303504943848e-01,4.058341383934020996e-01
9.978929758071899414e-01,4.752067029476165771e-01,4.379269182682037354e-01
1.015815138816833496e+00,4.372155070304870605e-01,4.459393322467803955e-01
1.040257215499877930e+00,3.994305133819580078e-01,4.610435068607330322e-01
1.062463402748107910e+00,3.616136908531188965e-01,4.729369878768920898e-01
1.084957242012023926e+00,3.235955834388732910e-01,4.848730862140655518e-01
1.107066750526428223e+00,2.855157852172851562e-01,4.959721565246582031e-01
1.128895878791809082e+00,2.473220229148864746e-01,5.065301656723022461e-01
1.150400400161743164e+00,2.090256810188293457e-01,5.165028572082519531e-01
1.171567916870117188e+00,1.706387698650360107e-01,5.259639024734497070e-01
1.178927183151245117e+00,1.292471885681152344e-01,5.222072005271911621e-01
1.216189384460449219e+00,1.163848936557769775e-01,5.091354846954345703e-01
1.234440326690673828e+00,9.454146027565002441e-02,4.985905289649963379e-01
1.261268258094787598e+00,7.626180350780487061e-02,4.864102602005004883e-01
1.284236311912536621e+00,5.637834966182708740e-02,4.768732190132141113e-01
1.308836936950683594e+00,3.744123876094818115e-02,4.667008221149444580e-01
1.332532286643981934e+00,1.811686158180236816e-02,4.577977955341339111e-01
1.356566190719604492e+00,-8.885413408279418945e-04,4.490992426872253418e-01
1.380314826965332031e+00,-1.993887871503829956e-02,4.411011934280395508e-01
1.404100179672241211e+00,-3.884539753198623657e-02,4.335122704505920410e-01
1.423163175582885742e+00,-5.828461796045303345e-02,4.255213439464569092e-01
1.438701510429382324e+00,-5.715048313140869141e-02,4.122171700000762939e-01
1.446106076240539551e+00,-6.723283976316452026e-02,3.967927694320678711e-01
1.460177421569824219e+00,-7.314539700746536255e-02,3.844453692436218262e-01
1.471487522125244141e+00,-7.912619411945343018e-02,3.724798858165740967e-01
1.483474850654602051e+00,-8.572667837142944336e-02,3.606353998184204102e-01
1.495886445045471191e+00,-9.133852273225784302e-02,3.502247035503387451e-01
1.507943153381347656e+00,-9.723255783319473267e-02,3.398986160755157471e-01
1.520399212837219238e+00,-1.027221679687500000e-01,3.304991126060485840e-01
1.532772779464721680e+00,-1.080986559391021729e-01,3.215238749980926514e-01
1.560956358909606934e+00,-1.194489225745201111e-01,3.250138759613037109e-01
1.558470368385314941e+00,-1.651254892349243164e-01,3.193867504596710205e-01
1.577573895454406738e+00,-2.055413722991943359e-01,3.203717172145843506e-01
1.590176582336425781e+00,-2.429016083478927612e-01,3.215816915035247803e-01
1.602044701576232910e+00,-2.830068767070770264e-01,3.203537464141845703e-01
1.615698337554931641e+00,-3.218480050563812256e-01,3.212765455245971680e-01
1.628045320510864258e+00,-3.608818054199218750e-01,3.211288452148437500e-01
1.640775084495544434e+00,-3.999320268630981445e-01,3.214789927005767822e-01
1.653286099433898926e+00,-4.388497173786163330e-01,3.217450678348541260e-01
1.665693521499633789e+00,-4.777658879756927490e-01,3.220902383327484131e-01
1.652208447456359863e+00,-5.043721199035644531e-01,3.124840557575225830e-01
1.636877775192260742e+00,-4.561869204044342041e-01,3.002057373523712158e-01
1.598005533218383789e+00,-4.367882013320922852e-01,2.905066907405853271e-01
1.574913859367370605e+00,-4.088380336761474609e-01,2.790767252445220947e-01
1.545241117477416992e+00,-3.823637366294860840e-01,2.698775827884674072e-01
1.518149137496948242e+00,-3.557775020599365234e-01,2.605546712875366211e-01
1.490594625473022461e+00,-3.288756310939788818e-01,2.520813643932342529e-01
1.463320732116699219e+00,-3.020063042640686035e-01,2.440648078918457031e-01
1.436192512512207031e+00,-2.750076055526733398e-01,2.365742325782775879e-01
1.409168362617492676e+00,-2.479638755321502686e-01,2.295576333999633789e-01
1.385148167610168457e+00,-2.259067296981811523e-01,2.254562824964523315e-01
1.381698608398437500e+00,-2.061757892370223999e-01,2.254999727010726929e-01
1.373029828071594238e+00,-1.869842112064361572e-01,2.273675501346588135e-01
1.366437315940856934e+00,-1.668750196695327759e-01,2.283891141414642334e-01
1.358746767044067383e+00,-1.473794430494308472e-01,2.295935451984405518e-01
1.351577758789062500e+00,-1.276599913835525513e-01,2.305959314107894897e-01
1.344112634658813477e+00,-1.081263795495033264e-01,2.315826416015625000e-01
1.336761116981506348e+00,-8.857500553131103516e-02,2.324686050415039062e-01
1.329321503639221191e+00,-6.910483539104461670e-02,2.333031147718429565e-01
1.321895003318786621e+00,-4.966517537832260132e-02,2.340679764747619629e-01
1.340019583702087402e+00,-4.499548673629760742e-02,2.375575155019760132e-01
1.356480360031127930e+00,-7.435428351163864136e-02,2.444060891866683960e-01
1.387825369834899902e+00,-9.304923564195632935e-02,2.610772252082824707e-01
1.410646796226501465e+00,-1.147850528359413147e-01,2.721763253211975098e-01
1.436552524566650391e+00,-1.362222433090209961e-01,2.834179699420928955e-01
1.461348056793212891e+00,-1.578550636768341064e-01,2.944288849830627441e-01
1.486175775527954102e+00,-1.797368526458740234e-01,3.043078184127807617e-01
1.510829448699951172e+00,-2.017790973186492920e-01,3.139621913433074951e-01
1.535282492637634277e+00,-2.240165770053863525e-01,3.228992521762847900e-01
1.559566617012023926e+00,-2.464325129985809326e-01,3.314260840415954590e-01
1.568130016326904297e+00,-2.570908069610595703e-01,3.469980359077453613e-01
1.533596992492675781e+00,-2.106121629476547241e-01,3.593519628047943115e-01
1.490694642066955566e+00,-2.063621431589126587e-01,3.623428046703338623e-01
1.463088393211364746e+00,-1.818719655275344849e-01,3.700513243675231934e-01
1.425391912460327148e+00,-1.639620661735534668e-01,3.759644329547882080e-01
1.392176508903503418e+00,-1.456748098134994507e-01,3.812044560909271240e-01
1.357728242874145508e+00,-1.262329667806625366e-01,3.867414295673370361e-01
1.323232889175415039e+00,-1.079424023628234863e-01,3.914741575717926025e-01
1.289114356040954590e+00,-8.905562758445739746e-02,3.961540460586547852e-01
1.254749059677124023e+00,-7.044552266597747803e-02,4.004606604576110840e-01
1.212719798088073730e+00,-7.419043034315109253e-02,3.891234695911407471e-01
1.229676008224487305e+00,-2.682007104158401489e-02,3.653267323970794678e-01
1.210451364517211914e+00,-1.635231077671051025e-03,3.485619723796844482e-01
1.210434436798095703e+00,3.456594794988632202e-02,3.294888138771057129e-01
1.200753688812255859e+00,6.562910228967666626e-02,3.133141100406646729e-01
1.196072936058044434e+00,9.969771653413772583e-02,2.971923053264617920e-01
1.188891291618347168e+00,1.326104253530502319e-01,2.824934124946594238e-01
1.182968378067016602e+00,1.664600968360900879e-01,2.684478759765625000e-01
1.176359653472900391e+00,2.001691609621047974e-01,2.553694546222686768e-01
1.170008778572082520e+00,2.342622578144073486e-01,2.430296689271926880e-01
1.170591831207275391e+00,2.688716053962707520e-01,2.394602447748184204e-01
1.178742885589599609e+00,2.898693382740020752e-01,2.471722066402435303e-01
1.190343379974365234e+00,3.153848648071289062e-01,2.569862008094787598e-01
1.199621081352233887e+00,3.391847014427185059e-01,2.652044892311096191e-01
1.210058569908142090e+00,3.633994460105895996e-01,2.729452550411224365e-01
1.219920992851257324e+00,3.870568871498107910e-01,2.802813649177551270e-01
1.230148196220397949e+00,4.107230305671691895e-01,2.870741188526153564e-01
1.240210413932800293e+00,4.340693354606628418e-01,2.934693396091461182e-01
1.250426173210144043e+00,4.573012888431549072e-01,2.994288802146911621e-01
1.260613799095153809e+00,4.803059995174407959e-01,3.050162792205810547e-01
1.295319318771362305e+00,4.911774396896362305e-01,3.237195312976837158e-01
1.286843299865722656e+00,4.516859650611877441e-01,3.300360143184661865e-01
1.310343861579895020e+00,4.244461059570312500e-01,3.459582626819610596e-01
1.321183204650878906e+00,3.967723846435546875e-01,3.601381480693817139e-01
1.334566354751586914e+00,3.667839467525482178e-01,3.706818819046020508e-01
1.348613381385803223e+00,3.383015990257263184e-01,3.834624588489532471e-01
1.361410737037658691e+00,3.087528049945831299e-01,3.936351537704467773e-01
1.374897003173828125e+00,2.794426083564758301e-01,4.042029976844787598e-01
1.387836098670959473e+00,2.498571276664733887e-01,4.137323498725891113e-01
1.400807499885559082e+00,2.201745808124542236e-01,4.228866696357727051e-01
1.415950179100036621e+00,1.829769015312194824e-01,4.330628216266632080e-01
1.403936862945556641e+00,1.794827431440353394e-01,4.035291075706481934e-01
1.389508962631225586e+00,1.631961166858673096e-01,3.902834057807922363e-01
1.378696084022521973e+00,1.483357995748519897e-01,3.708048760890960693e-01
1.367948889732360840e+00,1.359265744686126709e-01,3.564212620258331299e-01
1.355966329574584961e+00,1.220684647560119629e-01,3.406802415847778320e-01
1.345347166061401367e+00,1.091709733009338379e-01,3.269258439540863037e-01
1.334224104881286621e+00,9.638219326734542847e-02,3.135372102260589600e-01
1.323465466499328613e+00,8.375466614961624146e-02,3.010958731174468994e-01
1.312801480293273926e+00,7.138388603925704956e-02,2.893426716327667236e-01
1.297577857971191406e+00,4.892746359109878540e-02,2.629033327102661133e-01
1.331973195075988770e+00,5.944270640611648560e-02,2.341301441192626953e-01
1.341864109039306641e+00,6.016457825899124146e-02,2.106997221708297729e-01
1.361547112464904785e+00,6.483737379312515259e-02,1.865564733743667603e-01
1.377666592597961426e+00,6.858645379543304443e-02,1.651057153940200806e-01
1.395158529281616211e+00,7.334039360284805298e-02,1.445680856704711914e-01
1.412119626998901367e+00,7.829347997903823853e-02,1.255964487791061401e-01
1.429272890090942383e+00,8.378517627716064453e-02,1.078089177608489990e-01
1.446298837661743164e+00,8.966901898384094238e-02,9.125189483165740967e-02
1.463304758071899414e+00,9.599971771240234375e-02,7.580345869064331055e-02
1.477298498153686523e+00,1.069785505533218384e-01,6.098605692386627197e-02
1.469097971916198730e+00,1.258736848831176758e-01,4.072529822587966919e-02
1.463394045829772949e+00,1.405901610851287842e-01,2.373663708567619324e-02
1.458682656288146973e+00,1.572537720203399658e-01,7.162679452449083328e-03
1.452990531921386719e+00,1.735731065273284912e-01,-7.956605404615402222e-03
1.447633624076843262e+00,1.902355253696441650e-01,-2.206745371222496033e-02
1.442000031471252441e+00,2.070439606904983521e-01,-3.514147922396659851e-02
1.436285853385925293e+00,2.240109741687774658e-01,-4.726742953062057495e-02
1.430413365364074707e+00,2.411203086376190186e-01,-5.850856378674507141e-02
1.424385309219360352e+00,2.583509683609008789e-01,-6.892423331737518311e-02
1.413727045059204102e+00,2.844262123107910156e-01,-5.832205340266227722e-02
1.390130400657653809e+00,2.713487148284912109e-01,-1.665786653757095337e-02
1.384156227111816406e+00,2.668911218643188477e-01,1.663966290652751923e-02
1.369950175285339355e+00,2.587488293647766113e-01,4.954601451754570007e-02
1.359669923782348633e+00,2.508870661258697510e-01,7.927172631025314331e-02
1.348107337951660156e+00,2.419024258852005005e-01,1.073201745748519897e-01
1.337388157844543457e+00,2.324976921081542969e-01,1.332890689373016357e-01
1.326569676399230957e+00,2.224793881177902222e-01,1.575676053762435913e-01
1.316007375717163086e+00,2.120211869478225708e-01,1.801912188529968262e-01
1.305510997772216797e+00,2.011312246322631836e-01,2.013258486986160278e-01
1.271844387054443359e+00,1.957397311925888062e-01,2.141150981187820435e-01
1.303071737289428711e+00,2.519505023956298828e-01,2.273324579000473022e-01
1.291920661926269531e+00,2.776697576045989990e-01,2.409618049860000610e-01
1.306007146835327148e+00,3.204172849655151367e-01,2.503938972949981689e-01
1.304674506187438965e+00,3.520596325397491455e-01,2.616734504699707031e-01
1.312998414039611816e+00,3.901499211788177490e-01,2.707399725914001465e-01
1.315385937690734863e+00,4.237362742424011230e-01,2.801172435283660889e-01
1.321584582328796387e+00,4.596632421016693115e-01,2.883464694023132324e-01
1.325528979301452637e+00,4.936828613281250000e-01,2.963757216930389404e-01
1.331018209457397461e+00,5.284589529037475586e-01,3.036830127239227295e-01
1.356115221977233887e+00,5.545057058334350586e-01,3.248378336429595947e-01
1.303603649139404297e+00,5.481131076812744141e-01,2.977405488491058350e-01
1.284177541732788086e+00,5.412791967391967773e-01,2.902714014053344727e-01
1.255945324897766113e+00,5.416049361228942871e-01,2.769002020359039307e-01
1.228036403656005859e+00,5.382222533226013184e-01,2.667569816112518311e-01
1.201154589653015137e+00,5.356630086898803711e-01,2.559600770473480225e-01
1.174041628837585449e+00,5.339187383651733398e-01,2.465884834527969360e-01
1.146721959114074707e+00,5.316066741943359375e-01,2.373086810111999512e-01
1.119794845581054688e+00,5.297573208808898926e-01,2.288204133510589600e-01
1.092695474624633789e+00,5.279116630554199219e-01,2.207424491643905640e-01
1.056382060050964355e+00,5.338382720947265625e-01,2.174574434757232666e-01
1.081993222236633301e+00,5.648540854454040527e-01,2.283628582954406738e-01
1.077632665634155273e+00,5.776165723800659180e-01,2.451453804969787598e-01
1.093056559562683105e+00,6.023908853530883789e-01,2.577558755874633789e-01
1.096618056297302246e+00,6.192785501480102539e-01,2.711840569972991943e-01
1.107929468154907227e+00,6.403826475143432617e-01,2.827771902084350586e-01
1.114903569221496582e+00,6.583001613616943359e-01,2.942663133144378662e-01
1.124994277954101562e+00,6.776252985000610352e-01,3.046717345714569092e-01
1.133581638336181641e+00,6.955485939979553223e-01,3.146591782569885254e-01
1.143510937690734863e+00,7.138271331787109375e-01,3.238896429538726807e-01
1.164640784263610840e+00,7.232771515846252441e-01,3.360893428325653076e-01
1.176998853683471680e+00,7.162959575653076172e-01,3.398489356040954590e-01
1.197715520858764648e+00,7.135785818099975586e-01,3.490415215492248535e-01
1.214621424674987793e+00,7.092213630676269531e-01,3.561508953571319580e-01
1.233271479606628418e+00,7.053049802780151367e-01,3.629256784915924072e-01
1.251232266426086426e+00,7.009100914001464844e-01,3.694451451301574707e-01
1.269609212875366211e+00,6.965150237083435059e-01,3.754295408725738525e-01
1.287847995758056641e+00,6.918706893920898438e-01,3.811315596103668213e-01
1.306222915649414062e+00,6.871186494827270508e-01,3.864417076110839844e-01
1.324579238891601562e+00,6.821894645690917969e-01,3.914535641670227051e-01
1.343006610870361328e+00,6.884571313858032227e-01,4.039812386035919189e-01
1.339501738548278809e+00,6.801047325134277344e-01,4.282602667808532715e-01
1.351068019866943359e+00,6.791155338287353516e-01,4.482434689998626709e-01
1.354358553886413574e+00,6.733509302139282227e-01,4.681737422943115234e-01
1.362981200218200684e+00,6.695963144302368164e-01,4.861848056316375732e-01
1.369008541107177734e+00,6.640093326568603516e-01,5.035097002983093262e-01
1.376995444297790527e+00,6.588615775108337402e-01,5.195463299751281738e-01
1.384246110916137695e+00,6.528713703155517578e-01,5.347514152526855469e-01
1.392291545867919922e+00,6.468199491500854492e-01,5.489652752876281738e-01
1.400198698043823242e+00,6.402837038040161133e-01,5.623745322227478027e-01
1.440936565399169922e+00,6.114141941070556641e-01,6.004168987274169922e-01
1.380143523216247559e+00,5.874277353286743164e-01,5.174011588096618652e-01
1.370128393173217773e+00,5.710613131523132324e-01,5.069811940193176270e-01
1.329289555549621582e+00,5.418643951416015625e-01,4.557579159736633301e-01
1.310396790504455566e+00,5.242657661437988281e-01,4.317422509193420410e-01
1.277357697486877441e+00,5.012484788894653320e-01,3.944766223430633545e-01
1.253147482872009277e+00,4.808738827705383301e-01,3.671901822090148926e-01
1.224730849266052246e+00,4.603332281112670898e-01,3.367620408535003662e-01
1.198868274688720703e+00,4.404529035091400146e-01,3.104378283023834229e-01
1.172095656394958496e+00,4.205862283706665039e-01,2.839873731136322021e-01
1.151825189590454102e+00,3.997057378292083740e-01,2.456680238246917725e-01
1.189819931983947754e+00,3.710637092590332031e-01,2.452520579099655151e-01
1.215191006660461426e+00,3.461476564407348633e-01,2.397140711545944214e-01
1.242293715476989746e+00,3.206502199172973633e-01,2.342673093080520630e-01
1.269273042678833008e+00,2.953187227249145508e-01,2.297455519437789917e-01
1.296201467514038086e+00,2.702388763427734375e-01,2.252977937459945679e-01
1.323082089424133301e+00,2.452751845121383667e-01,2.212631255388259888e-01
1.349953651428222656e+00,2.205008715391159058e-01,2.174914032220840454e-01
1.376787662506103516e+00,1.958816051483154297e-01,2.140133827924728394e-01
1.403604984283447266e+00,1.714303344488143921e-01,2.107922583818435669e-01
1.431579232215881348e+00,1.459482163190841675e-01,2.252738624811172485e-01
1.418226242065429688e+00,1.172786504030227661e-01,2.321114093065261841e-01
1.412881851196289062e+00,7.226475328207015991e-02,2.336964309215545654e-01
1.414811253547668457e+00,3.967994451522827148e-02,2.431941181421279907e-01
1.408516407012939453e+00,2.232357859611511230e-03,2.463887333869934082e-01
1.406674861907958984e+00,-3.485643118619918823e-02,2.522163689136505127e-01
1.403409600257873535e+00,-7.116121798753738403e-02,2.568228542804718018e-01
1.400151968002319336e+00,-1.080857440829277039e-01,2.613656818866729736e-01
1.397051215171813965e+00,-1.448564827442169189e-01,2.656626403331756592e-01
1.393808364868164062e+00,-1.815976500511169434e-01,2.697818875312805176e-01
1.363020539283752441e+00,-1.988748311996459961e-01,2.750575840473175049e-01
1.369669914245605469e+00,-1.801810860633850098e-01,3.069605827331542969e-01
1.355897188186645508e+00,-1.724354624748229980e-01,3.312029540538787842e-01
1.351352095603942871e+00,-1.615466177463531494e-01,3.531999289989471436e-01
1.342237591743469238e+00,-1.525349617004394531e-01,3.750391900539398193e-01
1.335143089294433594e+00,-1.430797427892684937e-01,3.947035670280456543e-01
1.326840758323669434e+00,-1.342956274747848511e-01,4.135471582412719727e-01
1.318982124328613281e+00,-1.255532503128051758e-01,4.310027658939361572e-01
1.310743808746337891e+00,-1.171320900321006775e-01,4.474779963493347168e-01
1.302565932273864746e+00,-1.088474765419960022e-01,4.628827571868896484e-01
1.309085607528686523e+00,-1.062548160552978516e-01,4.827498197555541992e-01
1.297061443328857422e+00,-1.332808285951614380e-01,4.830312728881835938e-01
1.301362514495849609e+00,-1.486526280641555786e-01,4.950437545776367188e-01
1.296756267547607422e+00,-1.672820299863815308e-01,5.018209815025329590e-01
1.295241713523864746e+00,-1.857768446207046509e-01,5.091025829315185547e-01
1.292700648307800293e+00,-2.037370651960372925e-01,5.162983536720275879e-01
1.289867043495178223e+00,-2.221755683422088623e-01,5.226128697395324707e-01
1.287025928497314453e+00,-2.403410971164703369e-01,5.288984775543212891e-01
1.283786535263061523e+00,-2.586116492748260498e-01,5.346696972846984863e-01
1.280404210090637207e+00,-2.768233418464660645e-01,5.401880145072937012e-01
1.244390845298767090e+00,-2.899242639541625977e-01,5.258867740631103516e-01
1.258309721946716309e+00,-2.414809167385101318e-01,5.306342244148254395e-01
1.241945505142211914e+00,-2.152563482522964478e-01,5.295083522796630859e-01
1.242720961570739746e+00,-1.787412017583847046e-01,5.271650552749633789e-01
1.233837962150573730e+00,-1.484073400497436523e-01,5.265952348709106445e-01
1.231225490570068359e+00,-1.143433153629302979e-01,5.249810218811035156e-01
1.225170850753784180e+00,-8.269013464450836182e-02,5.240590572357177734e-01
1.221611022949218750e+00,-4.967495054006576538e-02,5.227971673011779785e-01
1.216910958290100098e+00,-1.760758087038993835e-02,5.218090415000915527e-01
1.213284254074096680e+00,1.491888985037803650e-02,5.207203030586242676e-01
1.245654463768005371e+00,3.299389034509658813e-02,5.457216501235961914e-01
1.182006955146789551e+00,7.924620062112808228e-03,4.868214428424835205e-01
1.169313192367553711e+00,-1.328371465206146240e-02,4.667820036411285400e-01
1.139026165008544922e+00,-2.706255391240119934e-02,4.326685070991516113e-01
1.113553643226623535e+00,-4.533106833696365356e-02,4.070698320865631104e-01
1.087993264198303223e+00,-6.241200119256973267e-02,3.794975578784942627e-01
1.063512444496154785e+00,-7.875640690326690674e-02,3.551733791828155518e-01
1.038900494575500488e+00,-9.555000811815261841e-02,3.312768042087554932e-01
1.015328288078308105e+00,-1.119824200868606567e-01,3.091117441654205322e-01
9.919936060905456543e-01,-1.283298730850219727e-01,2.880002856254577637e-01
9.693967103958129883e-01,-1.461490392684936523e-01,2.704096436500549316e-01
9.611192941665649414e-01,-1.917670518159866333e-01,2.827688455581665039e-01
9.543750286102294922e-01,-2.338662147521972656e-01,2.817827761173248291e-01
9.492956995964050293e-01,-2.720354199409484863e-01,2.885841429233551025e-01
9.402974247932434082e-01,-3.132846951484680176e-01,2.902543246746063232e-01
9.342492222785949707e-01,-3.533593118190765381e-01,2.944106757640838623e-01
9.265955090522766113e-01,-3.934564590454101562e-01,2.972277700901031494e-01
9.193786382675170898e-01,-4.336624741554260254e-01,3.003541529178619385e-01
9.119524359703063965e-01,-4.737204611301422119e-01,3.031824827194213867e-01
9.044488668441772461e-01,-5.137471556663513184e-01,3.059520721435546875e-01
8.557082414627075195e-01,-5.427256822586059570e-01,2.886886298656463623e-01
8.926862478256225586e-01,-4.755248129367828369e-01,2.893097996711730957e-01
8.753826022148132324e-01,-4.469800293445587158e-01,2.885643541812896729e-01
8.868017792701721191e-01,-4.006121754646301270e-01,2.832260727882385254e-01
8.829175829887390137e-01,-3.638481199741363525e-01,2.820053100585937500e-01
8.875679969787597656e-01,-3.216828703880310059e-01,2.786090373992919922e-01
8.874764442443847656e-01,-2.826286554336547852e-01,2.766323983669281006e-01
8.900955915451049805e-01,-2.418588250875473022e-01,2.740857005119323730e-01
8.912150263786315918e-01,-2.020975798368453979e-01,2.720518112182617188e-01
8.931921124458312988e-01,-1.618123501539230347e-01,2.699192464351654053e-01
9.273567795753479004e-01,-1.434541195631027222e-01,2.791888117790222168e-01
9.164538383483886719e-01,-1.782631576061248779e-01,2.711806297302246094e-01
9.384613037109375000e-01,-2.017901390790939331e-01,2.731390297412872314e-01
9.489825963973999023e-01,-2.242653369903564453e-01,2.745473682880401611e-01
9.609516263008117676e-01,-2.488912343978881836e-01,2.737212181091308594e-01
9.738736748695373535e-01,-2.723380625247955322e-01,2.747857868671417236e-01
9.858904480934143066e-01,-2.961071431636810303e-01,2.748731076717376709e-01
9.982843399047851562e-01,-3.197924196720123291e-01,2.753632068634033203e-01
1.010514378547668457e+00,-3.434208035469055176e-01,2.757366001605987549e-01
1.022735118865966797e+00,-3.670355677604675293e-01,2.761507332324981689e-01
1.020109653472900391e+00,-3.844780325889587402e-01,2.719688415527343750e-01
1.026393175125122070e+00,-3.535216748714447021e-01,2.697441577911376953e-01
1.012091279029846191e+00,-3.445762395858764648e-01,2.627883553504943848e-01
1.010382771492004395e+00,-3.297090828418731689e-01,2.573894858360290527e-01
1.004124283790588379e+00,-3.144372701644897461e-01,2.532849013805389404e-01
9.986860156059265137e-01,-3.007471561431884766e-01,2.481753826141357422e-01
9.938011169433593750e-01,-2.858722209930419922e-01,2.442382574081420898e-01
9.884452819824218750e-01,-2.715423107147216797e-01,2.401110529899597168e-01
9.834653735160827637e-01,-2.570101618766784668e-01,2.363992184400558472e-01
9.784052968025207520e-01,-2.424936443567276001e-01,2.328739911317825317e-01
9.688769578933715820e-01,-2.281566560268402100e-01,2.257761359214782715e-01
9.704100489616394043e-01,-2.009645700454711914e-01,2.173623442649841309e-01
9.643954038619995117e-01,-1.781378835439682007e-01,2.104610055685043335e-01
9.620739817619323730e-01,-1.535231322050094604e-01,2.032642811536788940e-01
9.580906033515930176e-01,-1.296090185642242432e-01,1.969051957130432129e-01
9.548524618148803711e-01,-1.052963882684707642e-01,1.907552480697631836e-01
9.512500166893005371e-01,-8.109533786773681641e-02,1.850737035274505615e-01
9.477725028991699219e-01,-5.677770823240280151e-02,1.797084659337997437e-01
9.441814422607421875e-01,-3.245393186807632446e-02,1.746964305639266968e-01
9.405723214149475098e-01,-8.079417049884796143e-03,1.699906736612319946e-01
9.446660280227661133e-01,1.238118857145309448e-02,1.695282459259033203e-01
9.323220252990722656e-01,1.694321632385253906e-02,1.756469756364822388e-01
9.302476644515991211e-01,2.628958970308303833e-02,1.794986724853515625e-01
9.230908155441284180e-01,3.341456502676010132e-02,1.840194910764694214e-01
9.183695316314697266e-01,4.152277112007141113e-02,1.878071427345275879e-01
9.124424457550048828e-01,4.907029122114181519e-02,1.915581971406936646e-01
9.070748686790466309e-01,5.680745840072631836e-02,1.949623525142669678e-01
9.014143943786621094e-01,6.437624245882034302e-02,1.981930583715438843e-01
8.958758711814880371e-01,7.195372879505157471e-02,2.011893540620803833e-01
8.902602195739746094e-01,7.945802062749862671e-02,2.040014415979385376e-01
9.045593738555908203e-01,7.045071572065353394e-02,2.144404351711273193e-01
8.759114742279052734e-01,2.989657223224639893e-02,2.034998685121536255e-01
8.721553683280944824e-01,-1.169912144541740417e-02,2.003639638423919678e-01
8.629950284957885742e-01,-4.657125100493431091e-02,1.961444765329360962e-01
8.527231812477111816e-01,-8.456000685691833496e-02,1.922856569290161133e-01
8.439952731132507324e-01,-1.222480162978172302e-01,1.884736269712448120e-01
8.351655602455139160e-01,-1.594385057687759399e-01,1.851843744516372681e-01
8.262987732887268066e-01,-1.969088166952133179e-01,1.819182783365249634e-01
8.178057670593261719e-01,-2.343094944953918457e-01,1.789561063051223755e-01
8.094125390052795410e-01,-2.716717720031738281e-01,1.761660873889923096e-01
7.800810933113098145e-01,-3.016663491725921631e-01,1.872341483831405640e-01
8.044912815093994141e-01,-2.960405051708221436e-01,2.483792006969451904e-01
8.029196858406066895e-01,-3.031631410121917725e-01,2.947522401809692383e-01
8.115435838699340820e-01,-3.078260719776153564e-01,3.378317654132843018e-01
8.153612017631530762e-01,-3.115849792957305908e-01,3.808022737503051758e-01
8.193870186805725098e-01,-3.169153332710266113e-01,4.185003936290740967e-01
8.228195905685424805e-01,-3.208761513233184814e-01,4.555112421512603760e-01
8.251193165779113770e-01,-3.255691826343536377e-01,4.892058074474334717e-01
8.270776867866516113e-01,-3.296627402305603027e-01,5.213080644607543945e-01
8.281152248382568359e-01,-3.338205814361572266e-01,5.512101054191589355e-01
8.457573652267456055e-01,-3.454257249832153320e-01,5.770981311798095703e-01
8.476743698120117188e-01,-3.818820714950561523e-01,5.564288496971130371e-01
8.688208460807800293e-01,-3.909239172935485840e-01,5.713830590248107910e-01
8.703255653381347656e-01,-4.221847653388977051e-01,5.589498281478881836e-01
8.873509764671325684e-01,-4.385644197463989258e-01,5.659786462783813477e-01
8.934340476989746094e-01,-4.636347889900207520e-01,5.606724023818969727e-01
9.058001637458801270e-01,-4.842578172683715820e-01,5.625832080841064453e-01
9.145247340202331543e-01,-5.068853497505187988e-01,5.608085989952087402e-01
9.247003793716430664e-01,-5.287700295448303223e-01,5.608494281768798828e-01
9.340153336524963379e-01,-5.508661270141601562e-01,5.602104663848876953e-01
8.876866698265075684e-01,-5.694617629051208496e-01,5.282480120658874512e-01
9.183653593063354492e-01,-4.795369505882263184e-01,5.256799459457397461e-01
8.974233269691467285e-01,-4.381143152713775635e-01,5.117712020874023438e-01
9.079747200012207031e-01,-3.731152415275573730e-01,4.974647760391235352e-01
9.003556370735168457e-01,-3.224202394485473633e-01,4.867838919162750244e-01
9.052403569221496582e-01,-2.629124522209167480e-01,4.745558202266693115e-01
9.030391573905944824e-01,-2.094002366065979004e-01,4.643034040927886963e-01
9.062158465385437012e-01,-1.523115336894989014e-01,4.537585675716400146e-01
9.067060351371765137e-01,-9.777889400720596313e-02,4.442964494228363037e-01
9.095957279205322266e-01,-4.185160249471664429e-02,4.350076019763946533e-01
9.496821165084838867e-01,-1.180909015238285065e-02,4.423162639141082764e-01
9.209253191947937012e-01,-1.518286578357219696e-02,4.386876225471496582e-01
9.200736284255981445e-01,-1.052029803395271301e-02,4.308446049690246582e-01
9.063090085983276367e-01,-1.057842373847961426e-02,4.255999922752380371e-01
8.987500667572021484e-01,-8.296184241771697998e-03,4.196448922157287598e-01
8.883178830146789551e-01,-7.061241194605827332e-03,4.145304858684539795e-01
8.793191313743591309e-01,-5.269413813948631287e-03,4.094887673854827881e-01
8.697084784507751465e-01,-3.685299307107925415e-03,4.048580229282379150e-01
8.604517579078674316e-01,-1.950966194272041321e-03,4.004522860050201416e-01
8.510892987251281738e-01,-2.394057810306549072e-04,3.963354527950286865e-01
8.514511585235595703e-01,-3.164593130350112915e-03,3.899525105953216553e-01
8.364191651344299316e-01,-2.166188694536685944e-02,3.548952043056488037e-01
8.355221152305603027e-01,-2.597162686288356781e-02,3.410018384456634521e-01
8.240334391593933105e-01,-3.925133869051933289e-02,3.155789673328399658e-01
8.201147317886352539e-01,-4.792574793100357056e-02,2.988928258419036865e-01
8.124262094497680664e-01,-5.832376331090927124e-02,2.790768146514892578e-01
8.070299625396728516e-01,-6.796575337648391724e-02,2.625797986984252930e-01
8.009669184684753418e-01,-7.786391675472259521e-02,2.458301782608032227e-01
7.956460714340209961e-01,-8.741724491119384766e-02,2.307377308607101440e-01
7.902766466140747070e-01,-9.712208062410354614e-02,2.161020338535308838e-01
7.725929617881774902e-01,-1.099048852920532227e-01,1.901857554912567139e-01
8.010038137435913086e-01,-6.982706487178802490e-02,1.711400300264358521e-01
7.994360327720642090e-01,-4.684464633464813232e-02,1.532011628150939941e-01
8.103610873222351074e-01,-2.105543762445449829e-02,1.338405907154083252e-01
8.180827498435974121e-01,6.054528057575225830e-03,1.182084456086158752e-01
8.259119391441345215e-01,3.210860490798950195e-02,1.020578220486640930e-01
8.341876864433288574e-01,5.898696929216384888e-02,8.769445121288299561e-02
8.420540094375610352e-01,8.582014590501785278e-02,7.398295402526855469e-02
8.499706983566284180e-01,1.128910183906555176e-01,6.126855313777923584e-02
8.577136993408203125e-01,1.401537507772445679e-01,4.937183111906051636e-02
8.581009507179260254e-01,1.858621537685394287e-01,5.558302253484725952e-02
8.576048016548156738e-01,2.222482413053512573e-01,7.167945802211761475e-02
8.621825575828552246e-01,2.635658383369445801e-01,8.634351938962936401e-02
8.631232976913452148e-01,3.021706640720367432e-01,1.003060191869735718e-01
8.658480048179626465e-01,3.417749702930450439e-01,1.130281835794448853e-01
8.673727512359619141e-01,3.804061114788055420e-01,1.251279264688491821e-01
8.694075942039489746e-01,4.192022383213043213e-01,1.363121420145034790e-01
8.710066676139831543e-01,4.575279951095581055e-01,1.468313634395599365e-01
8.727368712425231934e-01,4.957630634307861328e-01,1.566244959831237793e-01
8.742958307266235352e-01,5.337042212486267090e-01,1.657986193895339966e-01
8.924419283866882324e-01,5.520666241645812988e-01,1.731765270233154297e-01
8.748586177825927734e-01,5.501757860183715820e-01,1.682216525077819824e-01
8.737773299217224121e-01,5.516127347946166992e-01,1.646984815597534180e-01
8.673036098480224609e-01,5.527544617652893066e-01,1.617315113544464111e-01
8.622741103172302246e-01,5.538595914840698242e-01,1.587245017290115356e-01
8.568799495697021484e-01,5.550040006637573242e-01,1.560132205486297607e-01
8.515458703041076660e-01,5.561407804489135742e-01,1.534515470266342163e-01
8.461835384368896484e-01,5.572810769081115723e-01,1.510700434446334839e-01
8.408115506172180176e-01,5.584200620651245117e-01,1.488448828458786011e-01
8.354274630546569824e-01,5.595558881759643555e-01,1.467690914869308472e-01
8.401529788970947266e-01,5.497865676879882812e-01,1.394913792610168457e-01
8.638937473297119141e-01,5.287886857986450195e-01,1.436669826507568359e-01
8.891088366508483887e-01,5.129020214080810547e-01,1.483016014099121094e-01
9.115986824035644531e-01,4.955366849899291992e-01,1.514803022146224976e-01
9.354704022407531738e-01,4.785486459732055664e-01,1.548346877098083496e-01
9.589760899543762207e-01,4.616312384605407715e-01,1.580223292112350464e-01
9.825848340988159180e-01,4.447527229785919189e-01,1.609211117029190063e-01
1.006237864494323730e+00,4.279600083827972412e-01,1.637297570705413818e-01
1.029900789260864258e+00,4.112315475940704346e-01,1.663387715816497803e-01
1.053594589233398438e+00,3.945719301700592041e-01,1.688202917575836182e-01
1.068386912345886230e+00,3.896070122718811035e-01,1.955042332410812378e-01
1.076122403144836426e+00,3.773013651371002197e-01,2.548246681690216064e-01
1.089298963546752930e+00,3.590172529220581055e-01,2.964980006217956543e-01
1.103224754333496094e+00,3.471746444702148438e-01,3.451036214828491211e-01
1.114229083061218262e+00,3.289184868335723877e-01,3.836382925510406494e-01
1.128275156021118164e+00,3.140542209148406982e-01,4.240476787090301514e-01
1.139891624450683594e+00,2.965009212493896484e-01,4.594295620918273926e-01
1.152855157852172852e+00,2.796969413757324219e-01,4.937588572502136230e-01
1.164781093597412109e+00,2.620922327041625977e-01,5.254674553871154785e-01
1.176871061325073242e+00,2.443264573812484741e-01,5.553137660026550293e-01
1.211302042007446289e+00,2.104226797819137573e-01,5.965626835823059082e-01
1.157544732093811035e+00,2.114548236131668091e-01,5.464335680007934570e-01
1.125263452529907227e+00,1.986196339130401611e-01,5.378099083900451660e-01
1.086769819259643555e+00,1.832498311996459961e-01,5.105956196784973145e-01
1.054166078567504883e+00,1.756069660186767578e-01,4.948863983154296875e-01
1.016618490219116211e+00,1.630631089210510254e-01,4.748075604438781738e-01
9.829160571098327637e-01,1.529633998870849609e-01,4.582799673080444336e-01
9.476779699325561523e-01,1.427688747644424438e-01,4.416128098964691162e-01
9.133266806602478027e-01,1.326091289520263672e-01,4.262492060661315918e-01
8.790920376777648926e-01,1.228410154581069946e-01,4.115785062313079834e-01
8.444710969924926758e-01,1.128059327602386475e-01,3.974619805812835693e-01
8.376553654670715332e-01,9.140263497829437256e-02,4.192225337028503418e-01
8.265331387519836426e-01,7.360679656267166138e-02,4.320601522922515869e-01
8.152442574501037598e-01,5.498847365379333496e-02,4.459067583084106445e-01
8.039892315864562988e-01,3.650609776377677917e-02,4.584118723869323730e-01
7.924733161926269531e-01,1.817057654261589050e-02,4.704135060310363770e-01
7.807253003120422363e-01,-1.289453357458114624e-04,4.816205501556396484e-01
7.687886953353881836e-01,-1.829791814088821411e-02,4.922313094139099121e-01
7.566111683845520020e-01,-3.635914623737335205e-02,5.022224187850952148e-01
7.442139983177185059e-01,-5.429083108901977539e-02,5.116551518440246582e-01
7.219821214675903320e-01,-7.019565254449844360e-02,5.165576934814453125e-01
7.315495014190673828e-01,-6.251700967550277710e-02,5.543795824050903320e-01
7.249985337257385254e-01,-6.273455917835235596e-02,5.837964415550231934e-01
7.259272933006286621e-01,-5.996610224246978760e-02,6.113417148590087891e-01
7.227118015289306641e-01,-5.795772746205329895e-02,6.383399963378906250e-01
7.211149930953979492e-01,-5.539552122354507446e-02,6.628861427307128906e-01
7.183206081390380859e-01,-5.272445082664489746e-02,6.865494251251220703e-01
7.157460451126098633e-01,-4.977875202894210815e-02,7.085438966751098633e-01
7.127166390419006348e-01,-4.661145061254501343e-02,7.294433712959289551e-01
7.095934152603149414e-01,-4.319901019334793091e-02,7.490712404251098633e-01
6.953344941139221191e-01,-3.848458826541900635e-02,7.621198296546936035e-01
6.786816120147705078e-01,-5.004383623600006104e-03,7.438133955001831055e-01
6.503921747207641602e-01,1.414942741394042969e-02,7.311226725578308105e-01
6.311401724815368652e-01,3.806381672620773315e-02,7.180620431900024414e-01
6.084230542182922363e-01,6.124163419008255005e-02,7.067236304283142090e-01
5.875059962272644043e-01,8.386921137571334839e-02,6.951807141304016113e-01
5.667918324470520020e-01,1.070755273103713989e-01,6.848984956741333008e-01
5.463844537734985352e-01,1.298345029354095459e-01,6.748760938644409180e-01
5.265101194381713867e-01,1.527819484472274780e-01,6.656021475791931152e-01
5.069051384925842285e-01,1.755981892347335815e-01,6.568031907081604004e-01
5.164119601249694824e-01,1.873177438974380493e-01,6.533186435699462891e-01
5.071524381637573242e-01,1.408788412809371948e-01,6.340970993041992188e-01
5.310254693031311035e-01,1.240182220935821533e-01,6.422621011734008789e-01
5.328732728958129883e-01,9.609327465295791626e-02,6.333339810371398926e-01
5.444597601890563965e-01,7.060314714908599854e-02,6.321184039115905762e-01
5.526548624038696289e-01,4.560478776693344116e-02,6.289804577827453613e-01
5.609499216079711914e-01,1.964933425188064575e-02,6.259728670120239258e-01
5.694859027862548828e-01,-5.609817802906036377e-03,6.236647367477416992e-01
5.773356556892395020e-01,-3.122090548276901245e-02,6.210582852363586426e-01
5.852500200271606445e-01,-5.667469650506973267e-02,6.188588738441467285e-01
5.647812485694885254e-01,-7.984401285648345947e-02,5.983026623725891113e-01
5.786682963371276855e-01,-3.181539848446846008e-02,5.814529061317443848e-01
5.579865574836730957e-01,-1.456669718027114868e-02,5.589250922203063965e-01
5.570586919784545898e-01,1.251118257641792297e-02,5.388779640197753906e-01
5.484754443168640137e-01,3.730167821049690247e-02,5.212110280990600586e-01
5.430827736854553223e-01,6.179973855614662170e-02,5.030846595764160156e-01
5.373808145523071289e-01,8.664047718048095703e-02,4.869895577430725098e-01
5.320714712142944336e-01,1.110181137919425964e-01,4.712839424610137939e-01
5.271416902542114258e-01,1.354602724313735962e-01,4.567384719848632812e-01
5.224163532257080078e-01,1.597229838371276855e-01,4.429385066032409668e-01
5.481402873992919922e-01,1.667632609605789185e-01,4.382014870643615723e-01
5.609108805656433105e-01,1.388205289840698242e-01,4.422352015972137451e-01
5.911708474159240723e-01,1.218424886465072632e-01,4.551655948162078857e-01
6.123813390731811523e-01,1.016212701797485352e-01,4.637713134288787842e-01
6.368445158004760742e-01,8.211515098810195923e-02,4.720876812934875488e-01
6.599848270416259766e-01,6.247232481837272644e-02,4.806981384754180908e-01
6.832050085067749023e-01,4.270966723561286926e-02,4.881339669227600098e-01
7.061797380447387695e-01,2.294358238577842712e-02,4.956310391426086426e-01
7.289147973060607910e-01,3.069465979933738708e-03,5.024681687355041504e-01
7.514527440071105957e-01,-1.685710251331329346e-02,5.090734958648681641e-01
7.746915817260742188e-01,-4.584890604019165039e-02,5.116450190544128418e-01
7.995846271514892578e-01,-6.237230449914932251e-02,4.908884465694427490e-01
8.196823596954345703e-01,-8.396208286285400391e-02,4.784158170223236084e-01
8.428075909614562988e-01,-1.036824658513069153e-01,4.639301896095275879e-01
8.645376563072204590e-01,-1.242705583572387695e-01,4.515826702117919922e-01
8.869599699974060059e-01,-1.445320993661880493e-01,4.393298923969268799e-01
9.091300964355468750e-01,-1.649926304817199707e-01,4.281243681907653809e-01
9.314728975296020508e-01,-1.853853762149810791e-01,4.174444973468780518e-01
9.537893533706665039e-01,-2.058215737342834473e-01,4.074859321117401123e-01
9.761696457862854004e-01,-2.262337803840637207e-01,3.981049656867980957e-01
9.827366471290588379e-01,-2.293137311935424805e-01,3.942397832870483398e-01
9.868698716163635254e-01,-2.248777747154235840e-01,4.133867919445037842e-01
9.914702773094177246e-01,-2.216481715440750122e-01,4.221227765083312988e-01
9.951680302619934082e-01,-2.187255322933197021e-01,4.333766400814056396e-01
9.993572831153869629e-01,-2.156257033348083496e-01,4.429850876331329346e-01
1.003047585487365723e+00,-2.127717733383178711e-01,4.523569643497467041e-01
1.006837368011474609e+00,-2.099179625511169434e-01,4.610308706760406494e-01
1.010417580604553223e+00,-2.071808129549026489e-01,4.692528843879699707e-01
1.013957738876342773e+00,-2.044974565505981445e-01,4.769546091556549072e-01
1.017382740974426270e+00,-2.018931508064270020e-01,4.842159450054168701e-01
1.025871038436889648e+00,-1.965881735086441040e-01,4.987290501594543457e-01
1.021225214004516602e+00,-2.060765773057937622e-01,5.195973515510559082e-01
1.025440812110900879e+00,-2.107405662536621094e-01,5.389996170997619629e-01
1.024874806404113770e+00,-2.164844721555709839e-01,5.580686330795288086e-01
1.025690674781799316e+00,-2.223978638648986816e-01,5.748881101608276367e-01
1.025652170181274414e+00,-2.279372811317443848e-01,5.916066169738769531e-01
1.025362610816955566e+00,-2.337656468152999878e-01,6.067748069763183594e-01
1.024807333946228027e+00,-2.393845617771148682e-01,6.213683485984802246e-01
1.023881077766418457e+00,-2.450692653656005859e-01,6.349605321884155273e-01
1.022699832916259766e+00,-2.506634891033172607e-01,6.478348970413208008e-01
1.039509892463684082e+00,-2.674520015716552734e-01,6.727772951126098633e-01
9.977919459342956543e-01,-2.802970409393310547e-01,6.208356022834777832e-01
9.780527949333190918e-01,-2.929979562759399414e-01,6.050731539726257324e-01
9.494922757148742676e-01,-3.085493743419647217e-01,5.743034482002258301e-01
9.269961714744567871e-01,-3.208891451358795166e-01,5.529022812843322754e-01
9.017128944396972656e-01,-3.348969221115112305e-01,5.288035273551940918e-01
8.788529634475708008e-01,-3.480243980884552002e-01,5.077777504920959473e-01
8.556419014930725098e-01,-3.612164556980133057e-01,4.870741069316864014e-01
8.332825899124145508e-01,-3.743073344230651855e-01,4.678203463554382324e-01
