5.237661302089691162e-03,5.666397511959075928e-03,1.279402524232864380e-01
-1.882412284612655640e-02,2.119361050426959991e-02,1.227779909968376160e-01
-4.026403278112411499e-02,3.611658886075019836e-02,1.167639419436454773e-01
-6.180227920413017273e-02,5.083965137600898743e-02,1.103155314922332764e-01
-8.325371891260147095e-02,6.531303375959396362e-02,1.038404256105422974e-01
-1.081774756312370300e-01,7.362020760774612427e-02,1.138921231031417847e-01
-1.096335500478744507e-01,6.434717774391174316e-02,1.342718899250030518e-01
-1.170422732830047607e-01,5.859622359275817871e-02,1.561848521232604980e-01
-1.232188716530799866e-01,5.223434790968894958e-02,1.782513856887817383e-01
-1.297805458307266235e-01,4.607188701629638672e-02,1.995268762111663818e-01
-1.363916099071502686e-01,4.000111296772956848e-02,2.197288721799850464e-01
-1.431323587894439697e-01,3.408533707261085510e-02,2.387647628784179688e-01
-1.499930620193481445e-01,2.834048494696617126e-02,2.566403448581695557e-01
-1.569809764623641968e-01,2.278303727507591248e-02,2.733982205390930176e-01
-1.640975475311279297e-01,1.742292195558547974e-02,2.890959084033966064e-01
-1.814956218004226685e-01,-2.995189279317855835e-03,2.954531908035278320e-01
-1.645389497280120850e-01,-5.025978013873100281e-02,2.969776391983032227e-01
-1.625667512416839600e-01,-9.287779033184051514e-02,2.918814420700073242e-01
-1.540930867195129395e-01,-1.364312469959259033e-01,2.878865301609039307e-01
-1.484218239784240723e-01,-1.800643056631088257e-01,2.828852236270904541e-01
-1.413919031620025635e-01,-2.236182093620300293e-01,2.784889638423919678e-01
-1.348245739936828613e-01,-2.672239243984222412e-01,2.741453051567077637e-01
-1.279059201478958130e-01,-3.107838928699493408e-01,2.701517045497894287e-01
-1.209871694445610046e-01,-3.543391227722167969e-01,2.663743793964385986e-01
-1.139092147350311279e-01,-3.978663682937622070e-01,2.628571689128875732e-01
-1.130455583333969116e-01,-4.144845008850097656e-01,2.703600823879241943e-01
-1.379784345626831055e-01,-4.074575603008270264e-01,2.660275399684906006e-01
-1.673926413059234619e-01,-4.002910256385803223e-01,2.620408833026885986e-01
-1.959999203681945801e-01,-3.934960961341857910e-01,2.585269808769226074e-01
-2.245641499757766724e-01,-3.867805004119873047e-01,2.552854418754577637e-01
-2.530592381954193115e-01,-3.801670372486114502e-01,2.522858381271362305e-01
-2.814850211143493652e-01,-3.736548125743865967e-01,2.494990825653076172e-01
-3.098467886447906494e-01,-3.672432899475097656e-01,2.469038814306259155e-01
-3.381490111351013184e-01,-3.609319329261779785e-01,2.444835305213928223e-01
-3.663957118988037109e-01,-3.547208011150360107e-01,2.422246187925338745e-01
-3.930839002132415771e-01,-3.295798301696777344e-01,2.345725744962692261e-01
-4.169229269027709961e-01,-2.992876768112182617e-01,2.200475782155990601e-01
-4.410307109355926514e-01,-2.688817083835601807e-01,2.045752257108688354e-01
-4.645526707172393799e-01,-2.389259338378906250e-01,1.890416145324707031e-01
-4.876620471477508545e-01,-2.095026969909667969e-01,1.738418489694595337e-01
-5.104914307594299316e-01,-1.806308776140213013e-01,1.592056304216384888e-01
-5.331395268440246582e-01,-1.523073911666870117e-01,1.452613323926925659e-01
-5.556799173355102539e-01,-1.245206072926521301e-01,1.320708543062210083e-01
-5.781689286231994629e-01,-9.725546836853027344e-02,1.196545511484146118e-01
-6.006506681442260742e-01,-7.049702107906341553e-02,1.080055683851242065e-01
-6.382517814636230469e-01,-8.285535871982574463e-02,1.061733514070510864e-01
-6.070922017097473145e-01,-1.355515867471694946e-01,1.164677441120147705e-01
-6.087375879287719727e-01,-1.793212294578552246e-01,1.215812489390373230e-01
-5.965332984924316406e-01,-2.242993414402008057e-01,1.294407546520233154e-01
-5.895242094993591309e-01,-2.688027918338775635e-01,1.358278244733810425e-01
-5.804775953292846680e-01,-3.130700886249542236e-01,1.422977894544601440e-01
-5.720739960670471191e-01,-3.571459054946899414e-01,1.482301950454711914e-01
-5.633560419082641602e-01,-4.010108113288879395e-01,1.538681387901306152e-01
-5.546759366989135742e-01,-4.446932077407836914e-01,1.591466367244720459e-01
-5.459164977073669434e-01,-4.881964623928070068e-01,1.641149967908859253e-01
-5.397047996520996094e-01,-4.887534976005554199e-01,1.774076223373413086e-01
-5.460292100906372070e-01,-4.596765339374542236e-01,1.803510189056396484e-01
-5.369862318038940430e-01,-4.282504320144653320e-01,1.808893680572509766e-01
-5.294970273971557617e-01,-3.973832726478576660e-01,1.806520372629165649e-01
-5.216088891029357910e-01,-3.664569556713104248e-01,1.798705309629440308e-01
-5.136333703994750977e-01,-3.355641961097717285e-01,1.788163334131240845e-01
-5.056441426277160645e-01,-3.047074973583221436e-01,1.776375472545623779e-01
-4.976905286312103271e-01,-2.738904953002929688e-01,1.764219254255294800e-01
-4.898037910461425781e-01,-2.431147843599319458e-01,1.752199679613113403e-01
-4.820036292076110840e-01,-2.123804241418838501e-01,1.740595549345016479e-01
-4.753377139568328857e-01,-2.006350159645080566e-01,1.537119746208190918e-01
-4.994438588619232178e-01,-1.919349133968353271e-01,1.293361485004425049e-01
-5.165113210678100586e-01,-1.840413510799407959e-01,1.045007631182670593e-01
-5.340155959129333496e-01,-1.772684752941131592e-01,7.969978451728820801e-02
-5.508529543876647949e-01,-1.714710593223571777e-01,5.567489564418792725e-02
-5.673371553421020508e-01,-1.665558815002441406e-01,3.273528069257736206e-02
-5.834942460060119629e-01,-1.624404489994049072e-01,1.102490350604057312e-02
-5.993721485137939453e-01,-1.590619981288909912e-01,-9.419016540050506592e-03
-6.149986982345581055e-01,-1.563708037137985229e-01,-2.861522138118743896e-02
-6.303949952125549316e-01,-1.543273329734802246e-01,-4.661174491047859192e-02
-6.447708010673522949e-01,-1.765136122703552246e-01,-4.168332368135452271e-02
-6.356130838394165039e-01,-1.995886117219924927e-01,-2.076823636889457703e-02
-6.346474885940551758e-01,-2.194084525108337402e-01,1.943551003932952881e-03
-6.325473785400390625e-01,-2.380385249853134155e-01,2.556659281253814697e-02
-6.312977671623229980e-01,-2.559466361999511719e-01,4.844965413212776184e-02
-6.303064227104187012e-01,-2.732748389244079590e-01,7.030029594898223877e-02
-6.296488642692565918e-01,-2.901157438755035400e-01,9.095312654972076416e-02
-6.292783617973327637e-01,-3.065077960491180420e-01,1.104003190994262695e-01
-6.291875839233398438e-01,-3.224799036979675293e-01,1.286736130714416504e-01
-6.293656826019287109e-01,-3.380536139011383057e-01,1.458258181810379028e-01
-6.296598911285400391e-01,-3.564100563526153564e-01,1.611460745334625244e-01
-5.918841958045959473e-01,-3.706740736961364746e-01,1.780456900596618652e-01
-5.666426420211791992e-01,-3.880121409893035889e-01,1.926446706056594849e-01
-5.386995077133178711e-01,-4.034535288810729980e-01,2.066024988889694214e-01
-5.114057660102844238e-01,-4.190275669097900391e-01,2.196065485477447510e-01
-4.844064414501190186e-01,-4.341677427291870117e-01,2.317922115325927734e-01
-4.575764536857604980e-01,-4.490351676940917969e-01,2.432172596454620361e-01
-4.310116767883300781e-01,-4.636447727680206299e-01,2.539223432540893555e-01
-4.046649634838104248e-01,-4.780181050300598145e-01,2.639565765857696533e-01
-3.785452842712402344e-01,-4.921844005584716797e-01,2.733601629734039307e-01
-3.497703373432159424e-01,-4.927887916564941406e-01,2.686902582645416260e-01
-3.304482698440551758e-01,-4.866517186164855957e-01,2.598825097084045410e-01
-3.004614710807800293e-01,-4.762837588787078857e-01,2.516426146030426025e-01
-2.738625109195709229e-01,-4.690254926681518555e-01,2.419934570789337158e-01
-2.454802691936492920e-01,-4.608026146888732910e-01,2.327688634395599365e-01
-2.172000557184219360e-01,-4.530734419822692871e-01,2.237748056650161743e-01
-1.886240690946578979e-01,-4.453390240669250488e-01,2.152500152587890625e-01
-1.599116325378417969e-01,-4.376904070377349854e-01,2.072050422430038452e-01
-1.310736835002899170e-01,-4.300758242607116699e-01,1.996500790119171143e-01
-1.021345257759094238e-01,-4.224782586097717285e-01,1.925709098577499390e-01
-8.306746184825897217e-02,-4.113114476203918457e-01,1.871926188468933105e-01
-1.083266586065292358e-01,-3.908878266811370850e-01,1.767315715551376343e-01
-1.327726244926452637e-01,-3.712810575962066650e-01,1.676549017429351807e-01
-1.570346355438232422e-01,-3.519310355186462402e-01,1.593375653028488159e-01
-1.812524497509002686e-01,-3.328189551830291748e-01,1.516603082418441772e-01
-2.054273337125778198e-01,-3.139488101005554199e-01,1.445464044809341431e-01
-2.295689731836318970e-01,-2.953211367130279541e-01,1.379370391368865967e-01
-2.536882460117340088e-01,-2.769365310668945312e-01,1.317859888076782227e-01
-2.777954339981079102e-01,-2.587953507900238037e-01,1.260550767183303833e-01
-3.019004166126251221e-01,-2.408975064754486084e-01,1.207117736339569092e-01
-3.194226026535034180e-01,-2.313408553600311279e-01,1.203447282314300537e-01
-3.155049085617065430e-01,-2.154218405485153198e-01,1.249107718467712402e-01
-3.161505758762359619e-01,-2.006656229496002197e-01,1.291522830724716187e-01
-3.162972331047058105e-01,-1.855581253767013550e-01,1.336136460304260254e-01
-3.167961835861206055e-01,-1.704212725162506104e-01,1.379722356796264648e-01
-3.174400031566619873e-01,-1.552123725414276123e-01,1.421688944101333618e-01
-3.182345628738403320e-01,-1.399516314268112183e-01,1.461564302444458008e-01
-3.191570937633514404e-01,-1.246445551514625549e-01,1.499191671609878540e-01
-3.201965391635894775e-01,-1.092978641390800476e-01,1.534541845321655273e-01
-3.213434517383575439e-01,-9.391691535711288452e-02,1.567665487527847290e-01
-3.304651975631713867e-01,-7.794153690338134766e-02,1.779441535472869873e-01
-2.938271760940551758e-01,-5.379993468523025513e-02,1.942394673824310303e-01
-2.640441954135894775e-01,-3.200168535113334656e-02,2.121975719928741455e-01
-2.354337573051452637e-01,-9.449739009141921997e-03,2.297838628292083740e-01
-2.068414986133575439e-01,1.328634470701217651e-02,2.465623915195465088e-01
-1.786065250635147095e-01,3.621292114257812500e-02,2.624433934688568115e-01
-1.505129337310791016e-01,5.932270735502243042e-02,2.773715555667877197e-01
-1.225313097238540649e-01,8.258338272571563721e-02,2.913669049739837646e-01
-9.462842345237731934e-02,1.059715822339057922e-01,3.044686913490295410e-01
-6.677958369255065918e-02,1.294617056846618652e-01,3.167255818843841553e-01
-3.349005430936813354e-02,1.574557721614837646e-01,3.076116144657135010e-01
-1.044756919145584106e-02,1.722611635923385620e-01,2.895419597625732422e-01
1.771400682628154755e-02,1.920428127050399780e-01,2.699100971221923828e-01
4.561800509691238403e-02,2.106686383485794067e-01,2.491305917501449585e-01
7.411357015371322632e-02,2.295131534337997437e-01,2.285159528255462646e-01
1.027174070477485657e-01,2.482033073902130127e-01,2.085281908512115479e-01
1.313582062721252441e-01,2.668293714523315430e-01,1.894599795341491699e-01
1.599587500095367432e-01,2.854070365428924561e-01,1.714334189891815186e-01
1.884720027446746826e-01,3.039639592170715332e-01,1.544843912124633789e-01
2.168694883584976196e-01,3.225273787975311279e-01,1.386003792285919189e-01
2.242817431688308716e-01,3.487782478332519531e-01,1.343042850494384766e-01
1.977695524692535400e-01,3.694904744625091553e-01,1.252566874027252197e-01
1.745941340923309326e-01,3.901267349720001221e-01,1.198344305157661438e-01
1.508143991231918335e-01,4.109010994434356689e-01,1.157798469066619873e-01
1.268084496259689331e-01,4.315752685070037842e-01,1.127035468816757202e-01
1.026199683547019958e-01,4.521170258522033691e-01,1.102676913142204285e-01
7.827866077423095703e-02,4.724961519241333008e-01,1.082640513777732849e-01
5.380516871809959412e-02,4.926962256431579590e-01,1.065607815980911255e-01
2.921208739280700684e-02,5.127072334289550781e-01,1.050735637545585632e-01
4.507727921009063721e-03,5.325224995613098145e-01,1.037478744983673096e-01
-5.970925092697143555e-03,5.280844569206237793e-01,9.767825901508331299e-02
4.089668393135070801e-03,5.398435592651367188e-01,9.743736684322357178e-02
5.260176956653594971e-03,5.420776009559631348e-01,9.178958833217620850e-02
9.953290224075317383e-03,5.481283664703369141e-01,8.765449374914169312e-02
1.328467205166816711e-02,5.525449514389038086e-01,8.272388577461242676e-02
1.708120480179786682e-02,5.574751496315002441e-01,7.817909866571426392e-02
2.064942196011543274e-02,5.621371865272521973e-01,7.371991872787475586e-02
2.424180507659912109e-02,5.668395161628723145e-01,6.952598690986633301e-02
2.776243910193443298e-02,5.714790821075439453e-01,6.555651873350143433e-02
3.124586865305900574e-02,5.761020779609680176e-01,6.183022633194923401e-02
3.042436204850673676e-02,5.581843852996826172e-01,7.244089990854263306e-02
9.129833430051803589e-02,5.472345352172851562e-01,9.734441339969635010e-02
1.146179586648941040e-01,5.238889455795288086e-01,1.164056211709976196e-01
1.563953459262847900e-01,5.097375512123107910e-01,1.390010416507720947e-01
1.899175941944122314e-01,4.910379946231842041e-01,1.585860252380371094e-01
2.269335389137268066e-01,4.748253226280212402e-01,1.779322177171707153e-01
2.626556158065795898e-01,4.577761590480804443e-01,1.957624554634094238e-01
2.989044189453125000e-01,4.412640333175659180e-01,2.126429975032806396e-01
3.350097537040710449e-01,4.246854484081268311e-01,2.284296602010726929e-01
3.711773157119750977e-01,4.082256555557250977e-01,2.432539165019989014e-01
4.050566554069519043e-01,4.182742834091186523e-01,2.483721226453781128e-01
4.073586165904998779e-01,4.458990395069122314e-01,2.496156990528106689e-01
4.310009181499481201e-01,4.800825119018554688e-01,2.512559890747070312e-01
4.466660022735595703e-01,5.107421875000000000e-01,2.516274154186248779e-01
4.652103185653686523e-01,5.428236722946166992e-01,2.517958283424377441e-01
4.828493893146514893e-01,5.744382143020629883e-01,2.516616582870483398e-01
5.007744431495666504e-01,6.061862111091613770e-01,2.514167428016662598e-01
5.185602307319641113e-01,6.378475427627563477e-01,2.510964870452880859e-01
5.363247990608215332e-01,6.694799065589904785e-01,2.507485449314117432e-01
5.540159344673156738e-01,7.010552883148193359e-01,2.503930330276489258e-01
5.720799565315246582e-01,7.130938172340393066e-01,2.376270890235900879e-01
5.607166290283203125e-01,7.128042578697204590e-01,2.286909818649291992e-01
5.550190806388854980e-01,7.132214903831481934e-01,2.192332297563552856e-01
5.476063489913940430e-01,7.137957811355590820e-01,2.099792659282684326e-01
5.405042171478271484e-01,7.143754363059997559e-01,2.011474221944808960e-01
5.331755280494689941e-01,7.150100469589233398e-01,1.927915662527084351e-01
5.258002877235412598e-01,7.156716585159301758e-01,1.849319636821746826e-01
5.183389186859130859e-01,7.163597345352172852e-01,1.775563955307006836e-01
5.108116865158081055e-01,7.170667648315429688e-01,1.706444025039672852e-01
5.032194852828979492e-01,7.177873849868774414e-01,1.641704142093658447e-01
4.920219779014587402e-01,7.213150262832641602e-01,1.788434833288192749e-01
5.046631693840026855e-01,7.517101168632507324e-01,1.919153630733489990e-01
5.195778608322143555e-01,7.792462110519409180e-01,2.061976939439773560e-01
5.325351357460021973e-01,8.066684007644653320e-01,2.206244617700576782e-01
5.460633039474487305e-01,8.338152766227722168e-01,2.346252351999282837e-01
5.594916939735412598e-01,8.607574701309204102e-01,2.480015456676483154e-01
5.731241703033447266e-01,8.875221014022827148e-01,2.606420218944549561e-01
5.869179964065551758e-01,9.141250848770141602e-01,2.725232243537902832e-01
6.009143590927124023e-01,9.405739307403564453e-01,2.836533486843109131e-01
6.151145696640014648e-01,9.668715596199035645e-01,2.940609157085418701e-01
6.207790374755859375e-01,9.838362336158752441e-01,3.113477230072021484e-01
6.025806665420532227e-01,9.826076030731201172e-01,3.279143273830413818e-01
5.906876921653747559e-01,9.821248054504394531e-01,3.454470634460449219e-01
5.778747797012329102e-01,9.816781878471374512e-01,3.624236881732940674e-01
5.657271742820739746e-01,9.808760881423950195e-01,3.786866664886474609e-01
5.538550615310668945e-01,9.800280928611755371e-01,3.940713405609130859e-01
5.423119068145751953e-01,9.790972471237182617e-01,4.085511565208435059e-01
5.310609340667724609e-01,9.781379699707031250e-01,4.221382141113281250e-01
5.200867652893066406e-01,9.771673679351806641e-01,4.348677098751068115e-01
5.093717575073242188e-01,9.762043356895446777e-01,4.467839598655700684e-01
4.977474808692932129e-01,9.790224432945251465e-01,4.587013721466064453e-01
4.860168695449829102e-01,9.968141913414001465e-01,4.741843938827514648e-01
4.736892580986022949e-01,1.009958028793334961e+00,4.880811572074890137e-01
4.620992541313171387e-01,1.024123787879943848e+00,5.018513202667236328e-01
4.507756531238555908e-01,1.037999868392944336e+00,5.148929953575134277e-01
4.399190247058868408e-01,1.051860809326171875e+00,5.272525548934936523e-01
4.295089840888977051e-01,1.065691590309143066e+00,5.388924479484558105e-01
4.195646941661834717e-01,1.079502224922180176e+00,5.498213768005371094e-01
4.100880324840545654e-01,1.093304395675659180e+00,5.600609183311462402e-01
4.010779559612274170e-01,1.107103943824768066e+00,5.696408152580261230e-01
3.845384418964385986e-01,1.112437605857849121e+00,5.689334869384765625e-01
3.534953296184539795e-01,1.108168125152587891e+00,5.606105923652648926e-01
3.285679817199707031e-01,1.104568004608154297e+00,5.524812340736389160e-01
3.020546734333038330e-01,1.101931333541870117e+00,5.435815453529357910e-01
2.755271196365356445e-01,1.099338769912719727e+00,5.346845984458923340e-01
2.487784773111343384e-01,1.097023844718933105e+00,5.260341167449951172e-01
2.217833548784255981e-01,1.094895839691162109e+00,5.177530646324157715e-01
1.945682317018508911e-01,1.092940211296081543e+00,5.099102854728698730e-01
1.671413034200668335e-01,1.091142535209655762e+00,5.025266408920288086e-01
1.395175755023956299e-01,1.089489936828613281e+00,4.956008791923522949e-01
1.171906366944313049e-01,1.086484193801879883e+00,5.034794807434082031e-01
1.019241362810134888e-01,1.097903847694396973e+00,5.198261737823486328e-01
8.448243886232376099e-02,1.107043743133544922e+00,5.363962650299072266e-01
6.765951216220855713e-02,1.116333007812500000e+00,5.534224510192871094e-01
5.110903084278106689e-02,1.125760078430175781e+00,5.701682567596435547e-01
3.502488136291503906e-02,1.135312318801879883e+00,5.863175392150878906e-01
1.947282440960407257e-02,1.145088672637939453e+00,6.017207503318786621e-01
4.491451196372509003e-03,1.155113458633422852e+00,6.163038015365600586e-01
-9.896717965602874756e-03,1.165412425994873047e+00,6.300498843193054199e-01
-2.368197031319141388e-02,1.175996899604797363e+00,6.429703831672668457e-01
-3.690911084413528442e-02,1.180647969245910645e+00,6.462784409523010254e-01
-9.677718393504619598e-03,1.165165543556213379e+00,6.435633897781372070e-01
-1.888654194772243500e-03,1.154741644859313965e+00,6.383842229843139648e-01
1.425924431532621384e-02,1.143483996391296387e+00,6.331380605697631836e-01
2.644604071974754333e-02,1.132171630859375000e+00,6.273155212402343750e-01
3.988293185830116272e-02,1.120794296264648438e+00,6.217624545097351074e-01
5.240346491336822510e-02,1.109234213829040527e+00,6.163389086723327637e-01
6.490279734134674072e-02,1.097563505172729492e+00,6.112190485000610352e-01
7.703103870153427124e-02,1.085754156112670898e+00,6.063705086708068848e-01
8.894371241331100464e-02,1.073829293251037598e+00,6.018141508102416992e-01
1.044361069798469543e-01,1.064848780632019043e+00,5.755268335342407227e-01
1.173427328467369080e-01,1.061142921447753906e+00,5.451267957687377930e-01
1.317872703075408936e-01,1.056713461875915527e+00,5.133934617042541504e-01
1.441124081611633301e-01,1.051778197288513184e+00,4.818477630615234375e-01
1.562476754188537598e-01,1.046660184860229492e+00,4.514441490173339844e-01
1.674227714538574219e-01,1.041282773017883301e+00,4.225120246410369873e-01
1.780498921871185303e-01,1.035791397094726562e+00,3.952163159847259521e-01
1.880459040403366089e-01,1.030198931694030762e+00,3.695629239082336426e-01
1.975194215774536133e-01,1.024553179740905762e+00,3.455108404159545898e-01
2.064957916736602783e-01,1.018873214721679688e+00,3.229852020740509033e-01
2.083866596221923828e-01,1.010285735130310059e+00,3.273094296455383301e-01
2.176981270313262939e-01,1.032563328742980957e+00,3.426648080348968506e-01
2.296163290739059448e-01,1.048299551010131836e+00,3.608614802360534668e-01
2.392970472574234009e-01,1.064618945121765137e+00,3.805064260959625244e-01
2.499799430370330811e-01,1.080147624015808105e+00,4.002144932746887207e-01
2.606455385684967041e-01,1.095480322837829590e+00,4.194305539131164551e-01
2.718437612056732178e-01,1.110594630241394043e+00,4.378276467323303223e-01
2.834645509719848633e-01,1.125593185424804688e+00,4.552755951881408691e-01
2.955946922302246094e-01,1.140491008758544922e+00,4.717265665531158447e-01
3.082241117954254150e-01,1.155302524566650391e+00,4.871867597103118896e-01
3.067625463008880615e-01,1.162862420082092285e+00,4.833598136901855469e-01
2.682641148567199707e-01,1.174547076225280762e+00,4.727074205875396729e-01
2.358367443084716797e-01,1.183584213256835938e+00,4.615450501441955566e-01
2.031002044677734375e-01,1.193668484687805176e+00,4.498932361602783203e-01
1.700214743614196777e-01,1.203855872154235840e+00,4.382412731647491455e-01
1.367504447698593140e-01,1.214134335517883301e+00,4.268944561481475830e-01
1.032165288925170898e-01,1.224464058876037598e+00,4.160072207450866699e-01
6.942436099052429199e-02,1.234807610511779785e+00,4.056631922721862793e-01
3.538015484809875488e-02,1.245142102241516113e+00,3.958974480628967285e-01
1.094497740268707275e-03,1.255449295043945312e+00,3.867157101631164551e-01
-4.487008601427078247e-02,1.238591670989990234e+00,3.639167845249176025e-01
4.302253574132919312e-02,1.243178606033325195e+00,3.391574323177337646e-01
4.382342100143432617e-02,1.219437599182128906e+00,3.085982799530029297e-01
8.723809570074081421e-02,1.212551951408386230e+00,2.812535166740417480e-01
1.102111414074897766e-01,1.196979641914367676e+00,2.538172304630279541e-01
1.406549215316772461e-01,1.185206174850463867e+00,2.284316718578338623e-01
1.673519015312194824e-01,1.171938896179199219e+00,2.043336629867553711e-01
1.946947276592254639e-01,1.159386754035949707e+00,1.818041503429412842e-01
2.211647927761077881e-01,1.146767139434814453e+00,1.606520414352416992e-01
2.473566383123397827e-01,1.134404540061950684e+00,1.408387571573257446e-01
2.460021674633026123e-01,1.132708072662353516e+00,1.440429538488388062e-01
2.132433652877807617e-01,1.119553804397583008e+00,1.356918513774871826e-01
1.898799836635589600e-01,1.110416173934936523e+00,1.349818408489227295e-01
1.640865951776504517e-01,1.101147174835205078e+00,1.347385644912719727e-01
1.390562057495117188e-01,1.092167258262634277e+00,1.355020403861999512e-01
1.139676794409751892e-01,1.083216071128845215e+00,1.365582495927810669e-01
8.901354670524597168e-02,1.074246525764465332e+00,1.377613395452499390e-01
6.414552778005599976e-02,1.065224289894104004e+00,1.389914602041244507e-01
3.937092423439025879e-02,1.056133627891540527e+00,1.401979178190231323e-01
1.468538492918014526e-02,1.046967387199401855e+00,1.413550823926925659e-01
-7.308974862098693848e-03,1.037147998809814453e+00,1.489178985357284546e-01
-1.680770516395568848e-02,1.031219005584716797e+00,1.606865823268890381e-01
-2.914952114224433899e-02,1.025086164474487305e+00,1.724310964345932007e-01
-4.028905928134918213e-02,1.019066095352172852e+00,1.841222196817398071e-01
-5.143699049949645996e-02,1.013141274452209473e+00,1.953156143426895142e-01
-6.227251887321472168e-02,1.007291913032531738e+00,2.059379816055297852e-01
-7.291746139526367188e-02,1.001524686813354492e+00,2.159436345100402832e-01
-8.335658907890319824e-02,9.958383440971374512e-01,2.253405898809432983e-01
-9.361298382282257080e-02,9.902347922325134277e-01,2.341496050357818604e-01
-1.036968231201171875e-01,9.847142696380615234e-01,2.423999905586242676e-01
-1.113884598016738892e-01,9.757604598999023438e-01,2.475844025611877441e-01
-8.190324902534484863e-02,9.849736690521240234e-01,2.500735819339752197e-01
-6.088110804557800293e-02,9.893594980239868164e-01,2.512840032577514648e-01
-3.819415718317031860e-02,9.950044751167297363e-01,2.519208788871765137e-01
-1.560438424348831177e-02,1.000447869300842285e+00,2.522575259208679199e-01
6.912738084793090820e-03,1.005941629409790039e+00,2.524583935737609863e-01
2.946451306343078613e-02,1.011459827423095703e+00,2.525898814201354980e-01
5.197112262248992920e-02,1.016988873481750488e+00,2.526875138282775879e-01
7.446044683456420898e-02,1.022535800933837891e+00,2.527673542499542236e-01
9.691935777664184570e-02,1.028095841407775879e+00,2.528375685214996338e-01
1.133975312113761902e-01,1.042735099792480469e+00,2.480874061584472656e-01
1.058241203427314758e-01,1.041298747062683105e+00,2.348292917013168335e-01
1.067536249756813049e-01,1.044792890548706055e+00,2.234248518943786621e-01
1.042044758796691895e-01,1.046256422996520996e+00,2.112664133310317993e-01
1.026317849755287170e-01,1.048274517059326172e+00,1.998408138751983643e-01
1.003614515066146851e-01,1.049943089485168457e+00,1.888513863086700439e-01
9.803777188062667847e-02,1.051630496978759766e+00,1.785196214914321899e-01
9.543587267398834229e-02,1.053214788436889648e+00,1.687919348478317261e-01
9.266036748886108398e-02,1.054750204086303711e+00,1.596771031618118286e-01
8.969134837388992310e-02,1.056220293045043945e+00,1.511399894952774048e-01
9.112103283405303955e-02,1.058842301368713379e+00,1.366294324398040771e-01
1.034016087651252747e-01,1.072387218475341797e+00,1.228754818439483643e-01
1.139620393514633179e-01,1.084226608276367188e+00,1.087565571069717407e-01
1.242661848664283752e-01,1.096138477325439453e+00,9.503730386495590210e-02
1.342631429433822632e-01,1.107993245124816895e+00,8.193400502204895020e-02
1.438729763031005859e-01,1.119782209396362305e+00,6.953771412372589111e-02
1.531431078910827637e-01,1.131539702415466309e+00,5.787893384695053101e-02
1.620650291442871094e-01,1.143264532089233398e+00,4.694516584277153015e-02
1.706557422876358032e-01,1.154966831207275391e+00,3.670886904001235962e-02
1.789236515760421753e-01,1.166650533676147461e+00,2.713365107774734497e-02
1.781257092952728271e-01,1.164201378822326660e+00,4.160284250974655151e-02
2.141645550727844238e-01,1.167828679084777832e+00,6.747120618820190430e-02
2.329692691564559937e-01,1.166768670082092285e+00,9.556077420711517334e-02
2.595326602458953857e-01,1.167695283889770508e+00,1.241420954465866089e-01
2.835732400417327881e-01,1.167590498924255371e+00,1.515697687864303589e-01
3.093557059764862061e-01,1.167928934097290039e+00,1.776686310768127441e-01
3.351787030696868896e-01,1.168135762214660645e+00,2.022250294685363770e-01
3.616997897624969482e-01,1.168443918228149414e+00,2.252883315086364746e-01
3.886302709579467773e-01,1.168736338615417480e+00,2.468991726636886597e-01
4.160518944263458252e-01,1.169027805328369141e+00,2.671401202678680420e-01
4.370880424976348877e-01,1.195459961891174316e+00,2.659145295619964600e-01
4.203693866729736328e-01,1.214804887771606445e+00,2.586596012115478516e-01
4.170405268669128418e-01,1.238423943519592285e+00,2.510638535022735596e-01
4.093579351902008057e-01,1.260597229003906250e+00,2.422577738761901855e-01
4.029363989830017090e-01,1.283242106437683105e+00,2.333596050739288330e-01
3.958375155925750732e-01,1.305673360824584961e+00,2.245054841041564941e-01
3.886213898658752441e-01,1.328092217445373535e+00,2.159438580274581909e-01
3.810722529888153076e-01,1.350417971611022949e+00,2.077597975730895996e-01
3.732453882694244385e-01,1.372666239738464355e+00,2.000099569559097290e-01
3.651191592216491699e-01,1.394821882247924805e+00,1.927106231451034546e-01
3.553802371025085449e-01,1.402428150177001953e+00,1.826656013727188110e-01
3.457605242729187012e-01,1.398305177688598633e+00,1.661266684532165527e-01
3.342924118041992188e-01,1.394671082496643066e+00,1.488139182329177856e-01
3.228196799755096436e-01,1.390857100486755371e+00,1.316985040903091431e-01
3.105381131172180176e-01,1.386786341667175293e+00,1.150909215211868286e-01
2.979010939598083496e-01,1.382676362991333008e+00,9.931816160678863525e-02
2.847996354103088379e-01,1.378473997116088867e+00,8.441467583179473877e-02
2.713475227355957031e-01,1.374214529991149902e+00,7.040972262620925903e-02
2.575575709342956543e-01,1.369877099990844727e+00,5.726996064186096191e-02
2.434761077165603638e-01,1.365456581115722656e+00,4.495833069086074829e-02
2.233310043811798096e-01,1.337484955787658691e+00,4.631603136658668518e-02
2.789878249168395996e-01,1.335919737815856934e+00,6.222196295857429504e-02
2.952561974525451660e-01,1.316760301589965820e+00,7.499528676271438599e-02
3.314198851585388184e-01,1.307566642761230469e+00,9.041916579008102417e-02
3.590184748172760010e-01,1.293672323226928711e+00,1.039786934852600098e-01
3.909640610218048096e-01,1.282232642173767090e+00,1.174014955759048462e-01
4.215115010738372803e-01,1.269919633865356445e+00,1.297744959592819214e-01
4.530953168869018555e-01,1.258195519447326660e+00,1.415096670389175415e-01
4.846477210521697998e-01,1.246401190757751465e+00,1.524711400270462036e-01
5.165834426879882812e-01,1.234795928001403809e+00,1.627729237079620361e-01
5.484700798988342285e-01,1.225123643875122070e+00,1.791370362043380737e-01
5.595671534538269043e-01,1.220750927925109863e+00,1.979346573352813721e-01
5.830656886100769043e-01,1.215023636817932129e+00,2.170161306858062744e-01
6.016693711280822754e-01,1.209152936935424805e+00,2.354279756546020508e-01
6.231015920639038086e-01,1.203136324882507324e+00,2.529172003269195557e-01
6.439424157142639160e-01,1.196937322616577148e+00,2.693807482719421387e-01
6.655775308609008789e-01,1.190605878829956055e+00,2.848406136035919189e-01
6.873759627342224121e-01,1.184121131896972656e+00,2.993320822715759277e-01
7.095566987991333008e-01,1.177489280700683594e+00,3.129106163978576660e-01
7.319872379302978516e-01,1.170702815055847168e+00,3.256293833255767822e-01
7.484136819839477539e-01,1.165353298187255859e+00,3.484513759613037109e-01
7.568449378013610840e-01,1.149748086929321289e+00,3.686767816543579102e-01
7.688883543014526367e-01,1.136251926422119141e+00,3.904076218605041504e-01
7.801610827445983887e-01,1.121776103973388672e+00,4.110031425952911377e-01
7.923257946968078613e-01,1.107088565826416016e+00,4.307451844215393066e-01
8.046529293060302734e-01,1.092073678970336914e+00,4.493268430233001709e-01
8.173987865447998047e-01,1.076739311218261719e+00,4.668114483356475830e-01
8.304049968719482422e-01,1.061105728149414062e+00,4.832046329975128174e-01
8.436912894248962402e-01,1.045159101486206055e+00,4.985668957233428955e-01
8.571997880935668945e-01,1.028908371925354004e+00,5.129495859146118164e-01
8.726401329040527344e-01,1.013423442840576172e+00,5.134566426277160645e-01
8.907630443572998047e-01,9.957398176193237305e-01,5.093619227409362793e-01
9.077538847923278809e-01,9.783474206924438477e-01,5.030552744865417480e-01
9.252007007598876953e-01,9.608750343322753906e-01,4.961715936660766602e-01
9.420909881591796875e-01,9.434000849723815918e-01,4.890494942665100098e-01
9.588785767555236816e-01,9.260580539703369141e-01,4.821632504463195801e-01
9.753171205520629883e-01,9.088063240051269531e-01,4.755499958992004395e-01
9.915376901626586914e-01,8.916943669319152832e-01,4.693150520324707031e-01
1.007490634918212891e+00,8.747019767761230469e-01,4.634441435337066650e-01
1.023221015930175781e+00,8.578381538391113281e-01,4.579449892044067383e-01
1.038912534713745117e+00,8.440986871719360352e-01,4.635275900363922119e-01
1.045050501823425293e+00,8.685255050659179688e-01,4.676714539527893066e-01
1.059597849845886230e+00,8.840618133544921875e-01,4.734063744544982910e-01
1.070511579513549805e+00,9.015007019042968750e-01,4.791507422924041748e-01
1.082936406135559082e+00,9.178786873817443848e-01,4.849546849727630615e-01
1.095000505447387695e+00,9.341996908187866211e-01,4.905578196048736572e-01
1.107427239418029785e+00,9.501543045043945312e-01,4.959222376346588135e-01
1.119972109794616699e+00,9.658753275871276855e-01,5.010015964508056641e-01
1.132732272148132324e+00,9.813294410705566406e-01,5.057905316352844238e-01
1.145673751831054688e+00,9.965381622314453125e-01,5.102899670600891113e-01
1.137494802474975586e+00,9.923367500305175781e-01,5.220494270324707031e-01
1.110810518264770508e+00,9.294049143791198730e-01,5.046500563621520996e-01
1.113480210304260254e+00,8.818261027336120605e-01,5.001236796379089355e-01
1.094863176345825195e+00,8.335425853729248047e-01,4.845626652240753174e-01
1.086445808410644531e+00,7.843781709671020508e-01,4.740572571754455566e-01
1.072670102119445801e+00,7.369662523269653320e-01,4.618095755577087402e-01
1.060512900352478027e+00,6.893119812011718750e-01,4.511329233646392822e-01
1.047297716140747070e+00,6.424573659896850586e-01,4.408255517482757568e-01
1.034033894538879395e+00,5.958811640739440918e-01,4.313046634197235107e-01
1.020460605621337891e+00,5.497574806213378906e-01,4.224056899547576904e-01
1.017514228820800781e+00,4.894592165946960449e-01,4.107880592346191406e-01
1.054401159286499023e+00,4.594457745552062988e-01,4.299896061420440674e-01
1.069980978965759277e+00,4.170259237289428711e-01,4.383113980293273926e-01
1.096303939819335938e+00,3.792594671249389648e-01,4.529086053371429443e-01
1.116591453552246094e+00,3.390955924987792969e-01,4.637836217880249023e-01
1.139664888381958008e+00,2.993788421154022217e-01,4.756615459918975830e-01
1.160876154899597168e+00,2.589693665504455566e-01,4.859815537929534912e-01
1.182623147964477539e+00,2.183089256286621094e-01,4.960770010948181152e-01
1.203628063201904297e+00,1.772443652153015137e-01,5.052927732467651367e-01
1.224519491195678711e+00,1.358299255371093750e-01,5.140207409858703613e-01
1.248175144195556641e+00,9.345138072967529297e-02,5.101028680801391602e-01
1.269042134284973145e+00,7.541510462760925293e-02,4.997934997081756592e-01
1.294350266456604004e+00,5.100712180137634277e-02,4.893617928028106689e-01
1.316901326179504395e+00,2.853783965110778809e-02,4.779005646705627441e-01
1.341019034385681152e+00,5.944520235061645508e-03,4.672229290008544922e-01
1.364297151565551758e+00,-1.631098985671997070e-02,4.568629264831542969e-01
1.387950062751770020e+00,-3.828960657119750977e-02,4.472135901451110840e-01
1.411373853683471680e+00,-6.001475453376770020e-02,4.381085038185119629e-01
1.434863448143005371e+00,-8.147601783275604248e-02,4.296061396598815918e-01
1.458280682563781738e+00,-1.026957333087921143e-01,4.216359257698059082e-01
1.475214958190917969e+00,-1.153449118137359619e-01,4.123805761337280273e-01
1.484868049621582031e+00,-1.223168075084686279e-01,3.960451483726501465e-01
1.497670412063598633e+00,-1.304923444986343384e-01,3.831723928451538086e-01
1.509455084800720215e+00,-1.376090496778488159e-01,3.698340356349945068e-01
1.521809697151184082e+00,-1.443834751844406128e-01,3.577293157577514648e-01
1.534074544906616211e+00,-1.506028771400451660e-01,3.462039828300476074e-01
1.546494841575622559e+00,-1.563657224178314209e-01,3.355009257793426514e-01
1.558963060379028320e+00,-1.616741567850112915e-01,3.254774212837219238e-01
1.571515321731567383e+00,-1.665623039007186890e-01,3.161356449127197266e-01
1.584131002426147461e+00,-1.710531413555145264e-01,3.074158430099487305e-01
1.593008875846862793e+00,-1.796407699584960938e-01,3.044680953025817871e-01
1.605919957160949707e+00,-2.308985292911529541e-01,3.038247525691986084e-01
1.621767997741699219e+00,-2.659500837326049805e-01,3.043295741081237793e-01
1.634411096572875977e+00,-3.069630265235900879e-01,3.025960028171539307e-01
1.649288892745971680e+00,-3.457128107547760010e-01,3.023780882358551025e-01
1.662819027900695801e+00,-3.851577043533325195e-01,3.012341856956481934e-01
1.677051067352294922e+00,-4.242787063121795654e-01,3.006663322448730469e-01
1.690886855125427246e+00,-4.634015560150146484e-01,2.998564541339874268e-01
1.704883813858032227e+00,-5.024434924125671387e-01,2.992355525493621826e-01
1.718769550323486328e+00,-5.414203405380249023e-01,2.985835969448089600e-01
1.712819933891296387e+00,-5.550730824470520020e-01,3.178702890872955322e-01
1.696568608283996582e+00,-5.238485336303710938e-01,3.031584918498992920e-01
1.665374159812927246e+00,-4.967316389083862305e-01,2.890664935111999512e-01
1.637476682662963867e+00,-4.710190892219543457e-01,2.781390547752380371e-01
1.610175132751464844e+00,-4.442589581012725830e-01,2.677499651908874512e-01
1.582812786102294922e+00,-4.171157777309417725e-01,2.580672204494476318e-01
1.555635809898376465e+00,-3.896927833557128906e-01,2.491138726472854614e-01
1.528614759445190430e+00,-3.619995117187500000e-01,2.407971024513244629e-01
1.501716613769531250e+00,-3.340832889080047607e-01,2.330635339021682739e-01
1.474922776222229004e+00,-3.059838712215423584e-01,2.258687168359756470e-01
1.447789669036865234e+00,-2.771239876747131348e-01,2.210195064544677734e-01
1.443328380584716797e+00,-2.574720382690429688e-01,2.227200120687484741e-01
1.435833692550659180e+00,-2.353789806365966797e-01,2.232068181037902832e-01
1.428481698036193848e+00,-2.137642353773117065e-01,2.240510582923889160e-01
1.421054959297180176e+00,-1.921797394752502441e-01,2.249027788639068604e-01
1.413571000099182129e+00,-1.706790179014205933e-01,2.257481217384338379e-01
1.406043529510498047e+00,-1.492576748132705688e-01,2.265641689300537109e-01
1.398477077484130859e+00,-1.279150992631912231e-01,2.273414433002471924e-01
1.390874385833740234e+00,-1.066500097513198853e-01,2.280764430761337280e-01
1.383239030838012695e+00,-8.546130359172821045e-02,2.287689745426177979e-01
1.374893665313720703e+00,-7.471096515655517578e-02,2.286268025636672974e-01
1.419611454010009766e+00,-1.028397381305694580e-01,2.503362298011779785e-01
1.435801267623901367e+00,-1.203757375478744507e-01,2.587695121765136719e-01
1.466179251670837402e+00,-1.414076983928680420e-01,2.727884054183959961e-01
1.489241719245910645e+00,-1.619542688131332397e-01,2.828131318092346191e-01
1.515601754188537598e+00,-1.831053793430328369e-01,2.937359809875488281e-01
1.540081024169921875e+00,-2.045389115810394287e-01,3.032082915306091309e-01
1.565180778503417969e+00,-2.263472229242324829e-01,3.124472200870513916e-01
1.589693307876586914e+00,-2.484810054302215576e-01,3.209162354469299316e-01
1.614193916320800781e+00,-2.709537148475646973e-01,3.289306461811065674e-01
1.600273251533508301e+00,-2.799998521804809570e-01,3.551394343376159668e-01
1.574379205703735352e+00,-2.487694919109344482e-01,3.582242429256439209e-01
1.538558006286621094e+00,-2.313473820686340332e-01,3.606264591217041016e-01
1.505475282669067383e+00,-2.141787111759185791e-01,3.670226931571960449e-01
1.472101330757141113e+00,-1.955524981021881104e-01,3.734284043312072754e-01
1.438210129737854004e+00,-1.773422062397003174e-01,3.798078894615173340e-01
1.404284358024597168e+00,-1.593036055564880371e-01,3.861912786960601807e-01
1.370322823524475098e+00,-1.413489580154418945e-01,3.923708796501159668e-01
1.336352944374084473e+00,-1.235185861587524414e-01,3.982735276222229004e-01
1.302418708801269531e+00,-1.057943254709243774e-01,4.038692116737365723e-01
1.270267009735107422e+00,-8.823347091674804688e-02,3.949511051177978516e-01
1.263603806495666504e+00,-5.744986236095428467e-02,3.781896531581878662e-01
1.253967285156250000e+00,-2.543929219245910645e-02,3.599051237106323242e-01
1.245926022529602051e+00,6.838843226432800293e-03,3.415769040584564209e-01
1.238361358642578125e+00,3.959622979164123535e-02,3.235381841659545898e-01
1.231207370758056641e+00,7.275366783142089844e-02,3.061352372169494629e-01
1.224310517311096191e+00,1.062967628240585327e-01,2.895317375659942627e-01
1.217576742172241211e+00,1.401987373828887939e-01,2.738093137741088867e-01
1.210931658744812012e+00,1.744313389062881470e-01,2.589940130710601807e-01
1.204316377639770508e+00,2.089648395776748657e-01,2.450782954692840576e-01
1.196736097335815430e+00,2.383909672498703003e-01,2.437141686677932739e-01
1.214277505874633789e+00,2.634977698326110840e-01,2.504282891750335693e-01
1.223241686820983887e+00,2.900807559490203857e-01,2.572716176509857178e-01
1.234196066856384277e+00,3.157330155372619629e-01,2.651511728763580322e-01
1.244168877601623535e+00,3.412596881389617920e-01,2.729760110378265381e-01
1.254265785217285156e+00,3.664266467094421387e-01,2.806511819362640381e-01
1.264236211776733398e+00,3.913341164588928223e-01,2.879869341850280762e-01
1.274219512939453125e+00,4.159705042839050293e-01,2.949398756027221680e-01
1.284207105636596680e+00,4.403562545776367188e-01,3.014844655990600586e-01
1.294225096702575684e+00,4.644993543624877930e-01,3.076241612434387207e-01
1.293569922447204590e+00,4.844469428062438965e-01,3.237990736961364746e-01
1.312593579292297363e+00,4.391984939575195312e-01,3.392483294010162354e-01
1.323812842369079590e+00,4.165327548980712891e-01,3.528867363929748535e-01
1.338067173957824707e+00,3.852915465831756592e-01,3.659535944461822510e-01
1.351036310195922852e+00,3.566312193870544434e-01,3.779312968254089355e-01
1.364377856254577637e+00,3.265187740325927734e-01,3.892190456390380859e-01
1.377422332763671875e+00,2.964572906494140625e-01,3.997332453727722168e-01
1.390399575233459473e+00,2.659067511558532715e-01,4.095832705497741699e-01
1.403200030326843262e+00,2.350884675979614258e-01,4.187882542610168457e-01
1.415842533111572266e+00,2.039370834827423096e-01,4.273973107337951660e-01
1.419437289237976074e+00,1.814434528350830078e-01,4.266667962074279785e-01
1.404005050659179688e+00,1.678433120250701904e-01,4.089500904083251953e-01
1.393386483192443848e+00,1.502985358238220215e-01,3.927528560161590576e-01
1.382705092430114746e+00,1.346746385097503662e-01,3.759572207927703857e-01
1.371964931488037109e+00,1.191365718841552734e-01,3.595539927482604980e-01
1.361505150794982910e+00,1.042884886264801025e-01,3.440215289592742920e-01
1.351050138473510742e+00,8.999004960060119629e-02,3.293340802192687988e-01
1.340698957443237305e+00,7.623255252838134766e-02,3.155817985534667969e-01
1.330415010452270508e+00,6.298066675662994385e-02,3.027197122573852539e-01
1.320211887359619141e+00,5.019146203994750977e-02,2.907134294509887695e-01
1.312442779541015625e+00,3.665120899677276611e-02,2.674112021923065186e-01
1.336949348449707031e+00,4.350306093692779541e-02,2.444180995225906372e-01
1.350393414497375488e+00,4.588830471038818359e-02,2.193551212549209595e-01
1.368716478347778320e+00,5.046454071998596191e-02,1.958563923835754395e-01
1.385363698005676270e+00,5.525630712509155273e-02,1.730751842260360718e-01
1.402924180030822754e+00,6.104229390621185303e-02,1.517325788736343384e-01
1.420249462127685547e+00,6.751617789268493652e-02,1.316028088331222534e-01
1.437766194343566895e+00,7.477939128875732422e-02,1.127559542655944824e-01
1.455253839492797852e+00,8.275511860847473145e-02,9.508625417947769165e-02
1.472767472267150879e+00,9.143690764904022217e-02,7.854381203651428223e-02
1.491446018218994141e+00,1.054520606994628906e-01,6.505592167377471924e-02
1.479991555213928223e+00,1.228862106800079346e-01,4.492939263582229614e-02
1.476764440536499023e+00,1.403086483478546143e-01,2.766885608434677124e-02
1.471139430999755859e+00,1.583819687366485596e-01,1.094389706850051880e-02
1.466029644012451172e+00,1.768997162580490112e-01,-4.629284143447875977e-03
1.460587024688720703e+00,1.958663314580917358e-01,-1.927123218774795532e-02
1.455013871192932129e+00,2.152324318885803223e-01,-3.298582136631011963e-02
1.449224114418029785e+00,2.349630594253540039e-01,-4.584054648876190186e-02
1.443215250968933105e+00,2.550218999385833740e-01,-5.788467079401016235e-02
1.436964750289916992e+00,2.753745317459106445e-01,-6.916991621255874634e-02
1.426052331924438477e+00,2.935227155685424805e-01,-5.881202965974807739e-02
1.409196853637695312e+00,2.943739891052246094e-01,-2.831494808197021484e-02
1.397356510162353516e+00,2.935612797737121582e-01,4.148833453655242920e-03
1.385579586029052734e+00,2.910388708114624023e-01,3.604838252067565918e-02
1.374478816986083984e+00,2.868884801864624023e-01,6.652297824621200562e-02
1.363663077354431152e+00,2.814779281616210938e-01,9.525660425424575806e-02
1.353084206581115723e+00,2.749382257461547852e-01,1.222408264875411987e-01
1.342672467231750488e+00,2.674059867858886719e-01,1.475342065095901489e-01
1.332383751869201660e+00,2.589866518974304199e-01,1.712262034416198730e-01
1.322181224822998047e+00,2.497736960649490356e-01,1.934111416339874268e-01
1.316666364669799805e+00,2.489834129810333252e-01,2.223919332027435303e-01
1.316665649414062500e+00,2.903364300727844238e-01,2.359259724617004395e-01
1.321525692939758301e+00,3.273549377918243408e-01,2.490161359310150146e-01
1.325348377227783203e+00,3.648633956909179688e-01,2.603966891765594482e-01
1.329726696014404297e+00,4.018632173538208008e-01,2.707448005676269531e-01
1.334158062934875488e+00,4.385905861854553223e-01,2.801722884178161621e-01
1.338738441467285156e+00,4.749868512153625488e-01,2.888400256633758545e-01
1.343424081802368164e+00,5.110764503479003906e-01,2.968402206897735596e-01
1.348220229148864746e+00,5.468634963035583496e-01,3.042480945587158203e-01
1.353125452995300293e+00,5.823587179183959961e-01,3.111211061477661133e-01
1.337605237960815430e+00,6.045897603034973145e-01,3.187702000141143799e-01
1.299200057983398438e+00,5.968371629714965820e-01,3.049261569976806641e-01
1.275613665580749512e+00,5.940385460853576660e-01,2.986989617347717285e-01
1.248023271560668945e+00,5.915856957435607910e-01,2.883336544036865234e-01
1.221240997314453125e+00,5.885627269744873047e-01,2.782321274280548096e-01
1.194580793380737305e+00,5.859875679016113281e-01,2.683335244655609131e-01
1.167816281318664551e+00,5.835563540458679199e-01,2.587438523769378662e-01
1.141066551208496094e+00,5.813441276550292969e-01,2.496630549430847168e-01
1.114278435707092285e+00,5.793346762657165527e-01,2.410982549190521240e-01
1.087461352348327637e+00,5.775031447410583496e-01,2.330615520477294922e-01
1.053147912025451660e+00,5.855271816253662109e-01,2.523940801620483398e-01
1.064823985099792480e+00,6.069304347038269043e-01,2.625063657760620117e-01
1.073581814765930176e+00,6.276856660842895508e-01,2.733645141124725342e-01
1.082911729812622070e+00,6.479189991950988770e-01,2.839701175689697266e-01
1.092225909233093262e+00,6.678444743156433105e-01,2.941129207611083984e-01
1.101686000823974609e+00,6.874591112136840820e-01,3.037027418613433838e-01
1.111247777938842773e+00,7.068030834197998047e-01,3.127219676971435547e-01
1.120924592018127441e+00,7.258906364440917969e-01,3.211821317672729492e-01
1.130710721015930176e+00,7.447354793548583984e-01,3.291082382202148438e-01
1.140607118606567383e+00,7.633476853370666504e-01,3.365296721458435059e-01
1.146428585052490234e+00,7.790129184722900391e-01,3.443600833415985107e-01
1.173067092895507812e+00,7.704513072967529297e-01,3.544458150863647461e-01
1.187036633491516113e+00,7.676202058792114258e-01,3.619297742843627930e-01
1.207487940788269043e+00,7.629429101943969727e-01,3.697790503501892090e-01
1.225004196166992188e+00,7.585310339927673340e-01,3.766673207283020020e-01
1.243921756744384766e+00,7.537176012992858887e-01,3.832932710647583008e-01
1.262274622917175293e+00,7.487511038780212402e-01,3.893986642360687256e-01
1.280925631523132324e+00,7.435367703437805176e-01,3.951472938060760498e-01
1.299481511116027832e+00,7.381226420402526855e-01,4.005066454410552979e-01
1.318104982376098633e+00,7.324932813644409180e-01,4.055278003215789795e-01
1.338374614715576172e+00,7.261031270027160645e-01,4.216373264789581299e-01
1.339505076408386230e+00,7.265037298202514648e-01,4.396491944789886475e-01
1.347135782241821289e+00,7.214337587356567383e-01,4.590092897415161133e-01
1.353260755538940430e+00,7.170382142066955566e-01,4.777461290359497070e-01
1.360258579254150391e+00,7.113311290740966797e-01,4.957520365715026855e-01
1.367202401161193848e+00,7.052460312843322754e-01,5.127574205398559570e-01
1.374337196350097656e+00,6.985610723495483398e-01,5.287761092185974121e-01
1.381525993347167969e+00,6.914261579513549805e-01,5.438172221183776855e-01
1.388777017593383789e+00,6.838365197181701660e-01,5.579310059547424316e-01
1.396054506301879883e+00,6.758311390876770020e-01,5.711677074432373047e-01
1.380373358726501465e+00,6.653170585632324219e-01,5.668525695800781250e-01
1.345596909523010254e+00,6.314543485641479492e-01,5.282446146011352539e-01
1.328224420547485352e+00,6.042299270629882812e-01,4.976975917816162109e-01
1.304356455802917480e+00,5.756157636642456055e-01,4.592629969120025635e-01
1.282527923583984375e+00,5.479736328125000000e-01,4.231931865215301514e-01
1.259801864624023438e+00,5.216694474220275879e-01,3.879941105842590332e-01
1.236713886260986328e+00,4.965434074401855469e-01,3.547295928001403809e-01
1.213305830955505371e+00,4.727186560630798340e-01,3.235794007778167725e-01
1.189570188522338867e+00,4.500371217727661133e-01,2.944861650466918945e-01
1.165620446205139160e+00,4.284029006958007812e-01,2.674175798892974854e-01
1.134640216827392578e+00,3.973418474197387695e-01,2.402751147747039795e-01
1.194800257682800293e+00,3.764587938785552979e-01,2.394420653581619263e-01
1.205113410949707031e+00,3.474934697151184082e-01,2.291957288980484009e-01
1.241915464401245117e+00,3.242949843406677246e-01,2.259649336338043213e-01
1.264829635620117188e+00,2.982885241508483887e-01,2.199872732162475586e-01
1.294992327690124512e+00,2.742099761962890625e-01,2.160899043083190918e-01
1.321424007415771484e+00,2.495203614234924316e-01,2.115838527679443359e-01
1.349819898605346680e+00,2.255327105522155762e-01,2.078238427639007568e-01
1.377238512039184570e+00,2.015654593706130981e-01,2.040577828884124756e-01
1.405203580856323242e+00,1.779610067605972290e-01,2.006536871194839478e-01
1.417632102966308594e+00,1.548607349395751953e-01,2.165769636631011963e-01
1.406895399093627930e+00,1.167855560779571533e-01,2.132113724946975708e-01
1.408244490623474121e+00,8.263295888900756836e-02,2.227467298507690430e-01
1.403785705566406250e+00,4.811242222785949707e-02,2.270256876945495605e-01
1.401652812957763672e+00,1.306405663490295410e-02,2.333219498395919800e-01
1.398657560348510742e+00,-2.174896001815795898e-02,2.385584861040115356e-01
1.395921468734741211e+00,-5.690884590148925781e-02,2.437207698822021484e-01
1.393118500709533691e+00,-9.208843111991882324e-02,2.485223114490509033e-01
1.390308976173400879e+00,-1.274292021989822388e-01,2.530238032341003418e-01
1.387493848800659180e+00,-1.628607809543609619e-01,2.572503089904785156e-01
1.387976527214050293e+00,-1.926889419555664062e-01,2.866882681846618652e-01
1.383708596229553223e+00,-1.708353757858276367e-01,3.066431283950805664e-01
1.375571489334106445e+00,-1.600711196660995483e-01,3.296527266502380371e-01
1.367948770523071289e+00,-1.487481892108917236e-01,3.524252772331237793e-01
1.359610199928283691e+00,-1.383191049098968506e-01,3.743738532066345215e-01
1.351032376289367676e+00,-1.286333501338958740e-01,3.952569365501403809e-01
1.342232108116149902e+00,-1.195683479309082031e-01,4.149506390094757080e-01
1.333262920379638672e+00,-1.110748648643493652e-01,4.334467053413391113e-01
1.324155688285827637e+00,-1.030908375978469849e-01,4.507766962051391602e-01
1.314931750297546387e+00,-9.556587040424346924e-02,4.669936597347259521e-01
1.302901625633239746e+00,-8.943575620651245117e-02,4.787078797817230225e-01
1.300078272819519043e+00,-1.190179586410522461e-01,4.903444051742553711e-01
1.298278570175170898e+00,-1.364201158285140991e-01,5.003853440284729004e-01
1.294939517974853516e+00,-1.578835546970367432e-01,5.083410739898681641e-01
1.292328596115112305e+00,-1.785647720098495483e-01,5.158820152282714844e-01
1.289170265197753906e+00,-1.996231675148010254e-01,5.225821137428283691e-01
1.285941720008850098e+00,-2.208368629217147827e-01,5.288279056549072266e-01
1.282453775405883789e+00,-2.421770095825195312e-01,5.345947742462158203e-01
1.278751969337463379e+00,-2.636560499668121338e-01,5.399594902992248535e-01
1.274819254875183105e+00,-2.852415144443511963e-01,5.449496507644653320e-01
1.268983721733093262e+00,-3.022983074188232422e-01,5.573946833610534668e-01
1.262019038200378418e+00,-2.644886374473571777e-01,5.527015924453735352e-01
1.253925800323486328e+00,-2.349550127983093262e-01,5.497805476188659668e-01
1.247016906738281250e+00,-2.041690051555633545e-01,5.463233590126037598e-01
1.240473866462707520e+00,-1.733200997114181519e-01,5.427942276000976562e-01
1.234368085861206055e+00,-1.423419117927551270e-01,5.392894148826599121e-01
1.228635668754577637e+00,-1.112462282180786133e-01,5.358759164810180664e-01
1.223246335983276367e+00,-8.005064725875854492e-02,5.325953960418701172e-01
1.218176960945129395e+00,-4.876735806465148926e-02,5.294703841209411621e-01
1.213408589363098145e+00,-1.740813255310058594e-02,5.265110731124877930e-01
1.194428801536560059e+00,-9.799093008041381836e-03,5.127483606338500977e-01
1.152281284332275391e+00,-3.948172926902770996e-02,4.779752194881439209e-01
1.135753631591796875e+00,-6.061628460884094238e-02,4.548720717430114746e-01
1.110045790672302246e+00,-8.196365833282470703e-02,4.237512350082397461e-01
1.088003516197204590e+00,-1.030948907136917114e-01,3.955599367618560791e-01
1.065698862075805664e+00,-1.232230663299560547e-01,3.680244684219360352e-01
1.043779492378234863e+00,-1.427204757928848267e-01,3.421060442924499512e-01
1.022180438041687012e+00,-1.614959388971328735e-01,3.178276717662811279e-01
1.000843882560729980e+00,-1.796442270278930664e-01,2.951470017433166504e-01
9.797968864440917969e-01,-1.972264945507049561e-01,2.740144133567810059e-01
9.635922312736511230e-01,-2.227331995964050293e-01,2.604768574237823486e-01
9.587405920028686523e-01,-2.676639556884765625e-01,2.620775103569030762e-01
9.538120627403259277e-01,-3.062502741813659668e-01,2.661394476890563965e-01
9.469225406646728516e-01,-3.463767170906066895e-01,2.697079181671142578e-01
9.410605430603027344e-01,-3.862026929855346680e-01,2.741177678108215332e-01
9.345709085464477539e-01,-4.260838031768798828e-01,2.780238389968872070e-01
9.282311201095581055e-01,-4.660305678844451904e-01,2.818754315376281738e-01
9.217419028282165527e-01,-5.059969425201416016e-01,2.854456305503845215e-01
9.152109622955322266e-01,-5.460084676742553711e-01,2.888125777244567871e-01
9.086025357246398926e-01,-5.860483646392822266e-01,2.919609546661376953e-01
8.988771438598632812e-01,-5.986926555633544922e-01,3.111248016357421875e-01
8.982182741165161133e-01,-5.543358922004699707e-01,3.062772750854492188e-01
8.990459442138671875e-01,-5.135713219642639160e-01,3.025937080383300781e-01
9.000451564788818359e-01,-4.723982214927673340e-01,2.984777092933654785e-01
9.013527631759643555e-01,-4.312114715576171875e-01,2.943223416805267334e-01
9.028449058532714844e-01,-3.899845480918884277e-01,2.902234494686126709e-01
9.044737219810485840e-01,-3.487322330474853516e-01,2.862586975097656250e-01
9.061959385871887207e-01,-3.074625134468078613e-01,2.824709415435791016e-01
9.079802632331848145e-01,-2.661824822425842285e-01,2.788823843002319336e-01
9.098023176193237305e-01,-2.248999029397964478e-01,2.755028605461120605e-01
9.041226506233215332e-01,-2.020723670721054077e-01,2.735795676708221436e-01
9.225233793258666992e-01,-2.372343987226486206e-01,2.788974046707153320e-01
9.328179955482482910e-01,-2.574647665023803711e-01,2.786387801170349121e-01
9.464339017868041992e-01,-2.816250622272491455e-01,2.792944908142089844e-01
9.588542580604553223e-01,-3.048132061958312988e-01,2.790840268135070801e-01
9.717810750007629395e-01,-3.282182812690734863e-01,2.790188789367675781e-01
9.845138788223266602e-01,-3.515359461307525635e-01,2.788271307945251465e-01
9.973219633102416992e-01,-3.748298585414886475e-01,2.786688804626464844e-01
1.010092258453369141e+00,-3.980855941772460938e-01,2.784994244575500488e-01
1.022867918014526367e+00,-4.213054180145263672e-01,2.783445715904235840e-01
1.024273395538330078e+00,-4.227033257484436035e-01,2.801246047019958496e-01
1.019749760627746582e+00,-4.033080041408538818e-01,2.724848687648773193e-01
1.014032363891601562e+00,-3.895497918128967285e-01,2.663156986236572266e-01
1.009095311164855957e+00,-3.742608726024627686e-01,2.611125409603118896e-01
1.003923654556274414e+00,-3.591042160987854004e-01,2.562671899795532227e-01
9.988533258438110352e-01,-3.438122868537902832e-01,2.518906593322753906e-01
9.938033819198608398e-01,-3.284411430358886719e-01,2.478580474853515625e-01
9.887897968292236328e-01,-3.130039274692535400e-01,2.441372722387313843e-01
9.838063716888427734e-01,-2.975102961063385010e-01,2.406906783580780029e-01
9.788488149642944336e-01,-2.819699645042419434e-01,2.374917566776275635e-01
9.747566580772399902e-01,-2.626636624336242676e-01,2.331822663545608521e-01
9.708263278007507324e-01,-2.375491708517074585e-01,2.252409309148788452e-01
9.672089815139770508e-01,-2.127127796411514282e-01,2.175146788358688354e-01
9.637356400489807129e-01,-1.877692043781280518e-01,2.100032269954681396e-01
9.603510499000549316e-01,-1.627438217401504517e-01,2.028309702873229980e-01
9.570086002349853516e-01,-1.376396417617797852e-01,1.960442364215850830e-01
9.536780714988708496e-01,-1.124634072184562683e-01,1.896570324897766113e-01
9.503368139266967773e-01,-8.722311258316040039e-02,1.836650073528289795e-01
9.469667673110961914e-01,-6.192746013402938843e-02,1.780545711517333984e-01
9.435535073280334473e-01,-3.658491373062133789e-02,1.728074252605438232e-01
9.391093254089355469e-01,-1.700061559677124023e-02,1.666456460952758789e-01
9.342339038848876953e-01,-7.564827799797058105e-03,1.695766150951385498e-01
9.283279776573181152e-01,2.118960022926330566e-03,1.729455441236495972e-01
9.227867126464843750e-01,1.148785650730133057e-02,1.764343231916427612e-01
9.172078967094421387e-01,2.072325348854064941e-02,1.798351109027862549e-01
9.116208553314208984e-01,2.983595430850982666e-02,1.830782294273376465e-01
9.060020446777343750e-01,3.884740173816680908e-02,1.861411035060882568e-01
9.003490805625915527e-01,4.776649177074432373e-02,1.890215128660202026e-01
8.946616649627685547e-01,5.660012364387512207e-02,1.917251795530319214e-01
8.889404535293579102e-01,6.535352766513824463e-02,1.942608058452606201e-01
8.710414767265319824e-01,5.262003839015960693e-02,1.976265013217926025e-01
8.561888337135314941e-01,1.101993024349212646e-02,1.951351016759872437e-01
8.513664007186889648e-01,-2.424854040145874023e-02,1.955423951148986816e-01
8.403072357177734375e-01,-6.071398407220840454e-02,1.914657950401306152e-01
8.325357437133789062e-01,-9.708236157894134521e-02,1.889411062002182007e-01
8.236500024795532227e-01,-1.333189308643341064e-01,1.857109665870666504e-01
8.154425024986267090e-01,-1.695406734943389893e-01,1.829112768173217773e-01
8.072287440299987793e-01,-2.056703716516494751e-01,1.801662892103195190e-01
7.992568016052246094e-01,-2.417472302913665771e-01,1.776283681392669678e-01
7.914420366287231445e-01,-2.777613699436187744e-01,1.752400696277618408e-01
7.961318492889404297e-01,-3.195160031318664551e-01,1.998023241758346558e-01
8.062987327575683594e-01,-3.098536133766174316e-01,2.425053566694259644e-01
8.125797510147094727e-01,-3.141413927078247070e-01,2.872318625450134277e-01
8.171600103378295898e-01,-3.160604238510131836e-01,3.322747945785522461e-01
8.204777240753173828e-01,-3.199598789215087891e-01,3.756593763828277588e-01
8.228185176849365234e-01,-3.243421912193298340e-01,4.169042110443115234e-01
8.243427872657775879e-01,-3.294906616210937500e-01,4.557725787162780762e-01
8.251492977142333984e-01,-3.352030515670776367e-01,4.922644197940826416e-01
8.253005743026733398e-01,-3.414582014083862305e-01,5.264477133750915527e-01
8.248422145843505859e-01,-3.481968641281127930e-01,5.584319829940795898e-01
8.239042758941650391e-01,-3.563285171985626221e-01,5.732593536376953125e-01
8.325686454772949219e-01,-3.879005312919616699e-01,5.775457024574279785e-01
8.419939279556274414e-01,-4.105609357357025146e-01,5.780612230300903320e-01
8.523235917091369629e-01,-4.377163648605346680e-01,5.759184360504150391e-01
8.630356788635253906e-01,-4.634179472923278809e-01,5.732468366622924805e-01
8.736951351165771484e-01,-4.899370074272155762e-01,5.700638294219970703e-01
8.843421936035156250e-01,-5.162017941474914551e-01,5.669607520103454590e-01
8.948258757591247559e-01,-5.425987243652343750e-01,5.638949275016784668e-01
9.051717519760131836e-01,-5.689416527748107910e-01,5.610041022300720215e-01
9.153417348861694336e-01,-5.952962636947631836e-01,5.582658648490905762e-01
9.131184816360473633e-01,-5.990483760833740234e-01,5.630632638931274414e-01
9.073112607002258301e-01,-5.412766933441162109e-01,5.457938909530639648e-01
9.051299691200256348e-01,-4.887613058090209961e-01,5.304092764854431152e-01
9.039280414581298828e-01,-4.349113106727600098e-01,5.146465301513671875e-01
9.039552807807922363e-01,-3.807013034820556641e-01,4.991077184677124023e-01
9.049693346023559570e-01,-3.261088728904724121e-01,4.839362204074859619e-01
9.068418741226196289e-01,-2.712158560752868652e-01,4.692814350128173828e-01
9.094423055648803711e-01,-2.160734832286834717e-01,4.552416205406188965e-01
9.126576781272888184e-01,-1.607263088226318359e-01,4.418832063674926758e-01
9.163859486579895020e-01,-1.052129417657852173e-01,4.292454123497009277e-01
9.230334758758544922e-01,-6.965433061122894287e-02,3.994297087192535400e-01
9.057493805885314941e-01,-6.795328855514526367e-02,3.938200473785400391e-01
8.950606584548950195e-01,-6.601230800151824951e-02,3.884673416614532471e-01
8.836759328842163086e-01,-6.399036943912506104e-02,3.839686214923858643e-01
8.727146387100219727e-01,-6.212443113327026367e-02,3.799920678138732910e-01
8.618592619895935059e-01,-6.024032831192016602e-02,3.763612210750579834e-01
8.511198759078979492e-01,-5.833192169666290283e-02,3.730022311210632324e-01
8.404682278633117676e-01,-5.638267099857330322e-02,3.698716759681701660e-01
8.298954963684082031e-01,-5.439114570617675781e-02,3.669444620609283447e-01
8.193945288658142090e-01,-5.235683917999267578e-02,3.642026185989379883e-01
8.093222975730895996e-01,-5.545419454574584961e-02,3.515109717845916748e-01
8.012595772743225098e-01,-6.700702011585235596e-02,3.338134288787841797e-01
7.952529191970825195e-01,-7.617224752902984619e-02,3.159109950065612793e-01
7.891953587532043457e-01,-8.666548132896423340e-02,2.968502640724182129e-01
7.838093042373657227e-01,-9.667201340198516846e-02,2.786092758178710938e-01
7.785912156105041504e-01,-1.066145300865173340e-01,2.610074877738952637e-01
7.736459970474243164e-01,-1.162441968917846680e-01,2.444140017032623291e-01
7.688940763473510742e-01,-1.256102919578552246e-01,2.287986576557159424e-01
7.643435597419738770e-01,-1.346988081932067871e-01,2.141786515712738037e-01
7.599832415580749512e-01,-1.435333490371704102e-01,2.005064189434051514e-01
7.589212656021118164e-01,-1.369717866182327271e-01,1.817302852869033813e-01
7.673686742782592773e-01,-1.084918826818466187e-01,1.623558998107910156e-01
7.756869792938232422e-01,-8.152933418750762939e-02,1.440693438053131104e-01
7.839637994766235352e-01,-5.435256659984588623e-02,1.265213787555694580e-01
7.923793196678161621e-01,-2.691590785980224609e-02,1.099752634763717651e-01
8.007599115371704102e-01,6.986111402511596680e-04,9.439975023269653320e-02
8.091011047363281250e-01,2.851501107215881348e-02,7.980304956436157227e-02
8.173503875732421875e-01,5.651278048753738403e-02,6.614674627780914307e-02
8.254801034927368164e-01,8.468510210514068604e-02,5.338890478014945984e-02
8.334606289863586426e-01,1.130203604698181152e-01,4.147946462035179138e-02
8.358655571937561035e-01,1.455133259296417236e-01,4.958063364028930664e-02
8.412885665893554688e-01,1.867289245128631592e-01,5.919864401221275330e-02
8.458067178726196289e-01,2.275790423154830933e-01,7.119029760360717773e-02
8.491167426109313965e-01,2.681198716163635254e-01,8.403782546520233154e-02
8.518071174621582031e-01,3.083062171936035156e-01,9.699243307113647461e-02
8.540679216384887695e-01,3.481658995151519775e-01,1.096272468566894531e-01
8.560527563095092773e-01,3.877225518226623535e-01,1.217235922813415527e-01
8.578491210937500000e-01,4.269985556602478027e-01,1.331771463155746460e-01
8.595161437988281250e-01,4.660122394561767578e-01,1.439499855041503906e-01
8.610920310020446777e-01,5.047777295112609863e-01,1.540407389402389526e-01
8.573743104934692383e-01,5.254125595092773438e-01,1.525870412588119507e-01
8.524755239486694336e-01,5.252454280853271484e-01,1.543319523334503174e-01
8.469845652580261230e-01,5.275264978408813477e-01,1.538429558277130127e-01
8.417552113533020020e-01,5.294844508171081543e-01,1.528953313827514648e-01
8.363944292068481445e-01,5.314699411392211914e-01,1.516984105110168457e-01
8.310509920120239258e-01,5.334371328353881836e-01,1.504512876272201538e-01
8.256849050521850586e-01,5.353965759277343750e-01,1.492208689451217651e-01
8.203114867210388184e-01,5.373461246490478516e-01,1.480410397052764893e-01
8.149281740188598633e-01,5.392851829528808594e-01,1.469231843948364258e-01
8.095368742942810059e-01,5.412124395370483398e-01,1.458706557750701904e-01
8.044603466987609863e-01,5.279415845870971680e-01,1.429673582315444946e-01
8.452823162078857422e-01,5.157213807106018066e-01,1.519074887037277222e-01
8.600864410400390625e-01,4.972895085811614990e-01,1.526336371898651123e-01
8.885250687599182129e-01,4.834622740745544434e-01,1.572811007499694824e-01
9.101412892341613770e-01,4.671059846878051758e-01,1.595236361026763916e-01
9.351809620857238770e-01,4.521897435188293457e-01,1.626630425453186035e-01
9.585840702056884766e-01,4.366635084152221680e-01,1.650802493095397949e-01
9.828264713287353516e-01,4.215521812438964844e-01,1.676029264926910400e-01
1.006693243980407715e+00,4.063515365123748779e-01,1.698396652936935425e-01
1.030773639678955078e+00,3.913066387176513672e-01,1.719991862773895264e-01
1.050993680953979492e+00,3.713935315608978271e-01,2.015325129032135010e-01
1.062196016311645508e+00,3.645683526992797852e-01,2.428294420242309570e-01
1.075693607330322266e+00,3.501530289649963379e-01,2.880314588546752930e-01
1.087371468544006348e+00,3.369294404983520508e-01,3.329598009586334229e-01
1.099259853363037109e+00,3.213597238063812256e-01,3.762011528015136719e-01
1.110736966133117676e+00,3.052615523338317871e-01,4.172227978706359863e-01
1.122124910354614258e+00,2.879721224308013916e-01,4.558609724044799805e-01
1.133330941200256348e+00,2.698558568954467773e-01,4.921439290046691895e-01
1.144389867782592773e+00,2.507994771003723145e-01,5.261480808258056641e-01
1.155272960662841797e+00,2.308847010135650635e-01,5.579875707626342773e-01
1.136927127838134766e+00,2.136292457580566406e-01,5.678103566169738770e-01
1.098132729530334473e+00,2.025905251502990723e-01,5.506985187530517578e-01
1.064295172691345215e+00,1.864341795444488525e-01,5.322850942611694336e-01
1.032736182212829590e+00,1.724244505167007446e-01,5.130194425582885742e-01
1.000745534896850586e+00,1.586143374443054199e-01,4.927456378936767578e-01
9.692282080650329590e-01,1.452936679124832153e-01,4.731345772743225098e-01
9.377649426460266113e-01,1.326081752777099609e-01,4.543323814868927002e-01
9.063142538070678711e-01,1.204763501882553101e-01,4.365518093109130859e-01
8.748772144317626953e-01,1.088817268610000610e-01,4.198773503303527832e-01
8.434400558471679688e-01,9.777620434761047363e-02,4.043006300926208496e-01
8.164718747138977051e-01,9.041418135166168213e-02,4.029620289802551270e-01
8.083447813987731934e-01,6.876233220100402832e-02,4.146979451179504395e-01
7.964372634887695312e-01,5.137529969215393066e-02,4.276529550552368164e-01
7.847648859024047852e-01,3.226000070571899414e-02,4.413123428821563721e-01
7.729417085647583008e-01,1.327082514762878418e-02,4.547017514705657959e-01
7.608449459075927734e-01,-5.901709198951721191e-03,4.674786925315856934e-01
7.485533356666564941e-01,-2.513036131858825684e-02,4.795495271682739258e-01
7.360287308692932129e-01,-4.438602924346923828e-02,4.908826947212219238e-01
7.232780456542968750e-01,-6.364324688911437988e-02,5.014974474906921387e-01
7.102944850921630859e-01,-8.287847042083740234e-02,5.114252567291259766e-01
7.026895284652709961e-01,-1.018707752227783203e-01,5.368354320526123047e-01
7.023749351501464844e-01,-9.546214342117309570e-02,5.653689503669738770e-01
7.003585100173950195e-01,-9.680767357349395752e-02,5.941137671470642090e-01
6.978279352188110352e-01,-9.696848690509796143e-02,6.220205426216125488e-01
6.948644518852233887e-01,-9.805205464363098145e-02,6.486567258834838867e-01
6.915212273597717285e-01,-9.922607243061065674e-02,6.738455295562744141e-01
6.878502368927001953e-01,-1.005990356206893921e-01,6.975607872009277344e-01
6.838759183883666992e-01,-1.020494550466537476e-01,7.198367118835449219e-01
6.796184182167053223e-01,-1.035540848970413208e-01,7.407379150390625000e-01
6.750935316085815430e-01,-1.050756722688674927e-01,7.603396177291870117e-01
6.625093817710876465e-01,-1.036062240600585938e-01,7.576947212219238281e-01
6.402827501296997070e-01,-8.154898881912231445e-02,7.481882572174072266e-01
6.182088851928710938e-01,-6.540904939174652100e-02,7.372241020202636719e-01
5.981980562210083008e-01,-4.720629751682281494e-02,7.257757782936096191e-01
5.786774754524230957e-01,-2.865710854530334473e-02,7.140333056449890137e-01
5.598143935203552246e-01,-9.684845805168151855e-03,7.024214863777160645e-01
5.414422154426574707e-01,9.684562683105468750e-03,6.911337375640869141e-01
5.234861969947814941e-01,2.939814329147338867e-02,6.803010106086730957e-01
5.058933496475219727e-01,4.942728579044342041e-02,6.699969172477722168e-01
4.886233806610107422e-01,6.974187493324279785e-02,6.602561473846435547e-01
4.756415784358978271e-01,8.101731538772583008e-02,6.534781455993652344e-01
4.941291809082031250e-01,3.764362633228302002e-02,6.492373943328857422e-01
5.005700588226318359e-01,1.340483129024505615e-02,6.427081227302551270e-01
5.113119482994079590e-01,-1.763854920864105225e-02,6.371051073074340820e-01
5.201180577278137207e-01,-4.629608988761901855e-02,6.313086748123168945e-01
5.292913913726806641e-01,-7.579070329666137695e-02,6.259784698486328125e-01
5.379614830017089844e-01,-1.049652099609375000e-01,6.208979487419128418e-01
5.464503765106201172e-01,-1.342269778251647949e-01,6.161633729934692383e-01
5.546442270278930664e-01,-1.634281426668167114e-01,6.117241978645324707e-01
5.625910758972167969e-01,-1.926219314336776733e-01,6.075789928436279297e-01
5.632991790771484375e-01,-2.008485943078994751e-01,5.947922468185424805e-01
5.545284748077392578e-01,-1.726812869310379028e-01,5.742567777633666992e-01
5.473896265029907227e-01,-1.510453373193740845e-01,5.545809268951416016e-01
5.411857962608337402e-01,-1.279018372297286987e-01,5.351576209068298340e-01
5.354988574981689453e-01,-1.047730594873428345e-01,5.163968801498413086e-01
5.303109884262084961e-01,-8.142586052417755127e-02,4.984809756278991699e-01
5.255028009414672852e-01,-5.792097002267837524e-02,4.815028607845306396e-01
5.210121870040893555e-01,-3.427127003669738770e-02,4.655038714408874512e-01
5.167834758758544922e-01,-1.049664616584777832e-02,4.504858553409576416e-01
5.127737522125244141e-01,1.338531076908111572e-02,4.364275336265563965e-01
5.064892172813415527e-01,2.974702417850494385e-02,4.336586296558380127e-01
5.503535270690917969e-01,2.031773328781127930e-04,4.446768462657928467e-01
5.639094114303588867e-01,-1.820556819438934326e-02,4.510515034198760986e-01
5.918959379196166992e-01,-3.895203769207000732e-02,4.611834585666656494e-01
6.126260757446289062e-01,-5.984210968017578125e-02,4.693166911602020264e-01
6.362015008926391602e-01,-8.068570494651794434e-02,4.778541624546051025e-01
6.581557989120483398e-01,-1.019139587879180908e-01,4.855379462242126465e-01
6.804440617561340332e-01,-1.232420206069946289e-01,4.929074347019195557e-01
7.022273540496826172e-01,-1.448255032300949097e-01,4.997394084930419922e-01
7.238594293594360352e-01,-1.665930151939392090e-01,5.061615705490112305e-01
7.448272109031677246e-01,-1.888945996761322021e-01,4.995941221714019775e-01
7.653673887252807617e-01,-2.126596570014953613e-01,4.872642457485198975e-01
7.869946956634521484e-01,-2.358951568603515625e-01,4.733782410621643066e-01
8.087255358695983887e-01,-2.592236995697021484e-01,4.593624174594879150e-01
8.307242989540100098e-01,-2.823742032051086426e-01,4.458610713481903076e-01
8.528548479080200195e-01,-3.053882420063018799e-01,4.330655634403228760e-01
8.751333951950073242e-01,-3.282316029071807861e-01,4.210336208343505859e-01
8.975369334220886230e-01,-3.509075045585632324e-01,4.097518920898437500e-01
9.200654029846191406e-01,-3.734122216701507568e-01,3.991880118846893311e-01
9.427120685577392578e-01,-3.957476317882537842e-01,3.893008828163146973e-01
9.622297286987304688e-01,-4.147064089775085449e-01,3.984922170639038086e-01
9.644353389739990234e-01,-4.048316478729248047e-01,4.045430421829223633e-01
9.691843390464782715e-01,-4.027165174484252930e-01,4.147190451622009277e-01
9.723857045173645020e-01,-3.988677561283111572e-01,4.251298308372497559e-01
9.753279089927673340e-01,-3.958080410957336426e-01,4.356445074081420898e-01
9.779047966003417969e-01,-3.928640186786651611e-01,4.457914531230926514e-01
9.802442789077758789e-01,-3.901832103729248047e-01,4.554565250873565674e-01
9.823777675628662109e-01,-3.877060115337371826e-01,4.645776748657226562e-01
9.843351840972900391e-01,-3.854281604290008545e-01,4.731482267379760742e-01
9.861345887184143066e-01,-3.833343386650085449e-01,4.811812639236450195e-01
9.875627756118774414e-01,-3.808157742023468018e-01,4.980375170707702637e-01
9.877892136573791504e-01,-3.899457156658172607e-01,5.173940658569335938e-01
9.872924685478210449e-01,-3.962017595767974854e-01,5.372257828712463379e-01
9.858663082122802734e-01,-4.039461910724639893e-01,5.564863681793212891e-01
9.839569330215454102e-01,-4.118420481681823730e-01,5.749167799949645996e-01
9.815321564674377441e-01,-4.201819300651550293e-01,5.923210978507995605e-01
9.786844253540039062e-01,-4.288377463817596436e-01,6.086807847023010254e-01
9.754292964935302734e-01,-4.377952218055725098e-01,6.240072846412658691e-01
9.717906117439270020e-01,-4.470201134681701660e-01,6.383438706398010254e-01
9.677814245223999023e-01,-4.564847052097320557e-01,6.517416238784790039e-01
9.467661380767822266e-01,-4.674309492111206055e-01,6.458632946014404297e-01
9.142581224441528320e-01,-4.877882003784179688e-01,6.194463968276977539e-01
8.907079696655273438e-01,-5.068087577819824219e-01,5.949203968048095703e-01
8.670308589935302734e-01,-5.252666473388671875e-01,5.678640007972717285e-01
8.446272611618041992e-01,-5.434929132461547852e-01,5.414895415306091309e-01
8.229470252990722656e-01,-5.610291957855224609e-01,5.161565542221069336e-01
8.017950057983398438e-01,-5.779824852943420410e-01,4.921815097332000732e-01
7.811318635940551758e-01,-5.943372249603271484e-01,4.697133004665374756e-01
7.608917951583862305e-01,-6.101429462432861328e-01,4.487420916557312012e-01
